x,y,z
1250.071,1010.848,1
1250.071,1010.848,1
1250.071,1010.848,1
1250.071,1010.848,1
1250.071,1010.848,1
1250.071,1010.848,1
1250.071,1010.848,1
1251.327,1010.535,1
1253.028,1009.325,1
1253.028,1009.325,1
1254.149,1011.921,1
1257.253,1011.126,1
1258.693,1013.169,1
1261.514,1012.647,1
1261.514,1012.647,1
1262.665,1015.075,1
1265.465,1014.660,1
1266.539,1016.663,1
1269.196,1015.825,1
1269.196,1015.825,1
1271.011,1017.742,1
1273.101,1016.880,1
1273.822,1018.343,1
1276.366,1017.840,1
1276.366,1017.840,1
1277.462,1019.586,1
1279.840,1019.006,1
1281.208,1020.870,1
1283.650,1020.196,1
1283.650,1020.196,1
1284.836,1022.279,1
1287.130,1021.523,1
1288.474,1023.330,1
1291.290,1022.016,1
1291.290,1022.016,1
1293.035,1023.363,1
1295.892,1022.229,1
1297.613,1024.060,1
1300.463,1023.671,1
1300.463,1023.671,1
1301.984,1025.740,1
1304.791,1024.622,1
1306.286,1025.783,1
1308.647,1024.757,1
1308.647,1024.757,1
1310.368,1026.560,1
1313.730,1025.885,1
1315.205,1027.417,1
1315.393,1025.905,1
1315.393,1025.905,1
1315.984,1027.656,1
1318.041,1026.595,1
1319.052,1028.422,1
1321.675,1027.676,1
1321.675,1027.676,1
1322.827,1029.492,1
1324.994,1029.032,1
1326.518,1030.885,1
1329.411,1029.961,1
1329.411,1029.961,1
1330.907,1031.738,1
1333.463,1031.059,1
1334.580,1033.228,1
1337.192,1032.901,1
1337.192,1032.901,1
1338.661,1034.835,1
1341.178,1034.657,1
1342.328,1036.808,1
1344.960,1036.043,1
1344.960,1036.043,1
1346.119,1037.868,1
1348.734,1037.815,1
1349.979,1039.660,1
1352.642,1038.898,1
1352.642,1038.898,1
1353.924,1040.515,1
1356.697,1039.859,1
1358.076,1041.927,1
1360.883,1041.499,1
1362.252,1043.199,1
1362.252,1043.199,1
1364.962,1043.221,1
1365.957,1045.472,1
1368.773,1045.296,1
1370.027,1047.000,1
1370.027,1047.000,1
1372.781,1046.283,1
1373.827,1048.499,1
1376.351,1048.140,1
1377.372,1049.829,1
1377.372,1049.829,1
1380.168,1049.519,1
1381.054,1051.462,1
1383.463,1051.411,1
1384.793,1053.482,1
1384.793,1053.482,1
1387.596,1053.411,1
1388.319,1055.396,1
1391.194,1054.985,1
1393.001,1056.767,1
1393.001,1056.767,1
1394.776,1055.939,1
1395.016,1057.415,1
1396.965,1055.159,1
1396.965,1055.159,1
1397.637,1056.401,1
1399.928,1055.455,1
1400.122,1057.216,1
1402.579,1056.970,1
1402.579,1056.970,1
1403.324,1059.112,1
1405.954,1059.509,1
1406.512,1061.824,1
1408.423,1062.092,1
1408.423,1062.092,1
1409.337,1064.414,1
1411.192,1063.835,1
1411.889,1065.419,1
1413.830,1065.184,1
1413.830,1065.184,1
1414.845,1068.057,1
1416.605,1068.705,1
1419.207,1070.869,1
1421.775,1069.070,1
1421.775,1069.070,1
1423.628,1069.747,1
1424.137,1067.236,1
1426.590,1067.062,1
1426.296,1064.259,1
1426.296,1064.259,1
1428.605,1063.910,1
1428.042,1061.667,1
1431.092,1061.748,1
1431.092,1061.748,1
1430.062,1059.904,1
1432.499,1059.918,1
1432.133,1057.301,1
1432.133,1057.301,1
1434.544,1056.830,1
1434.435,1053.221,1
1437.007,1052.638,1
1437.007,1052.638,1
1437.514,1050.249,1
1440.835,1049.748,1
1440.835,1049.748,1
1443.383,1048.747,1
1442.959,1047.684,1
1442.959,1047.684,1
1442.959,1047.684,1
1442.959,1047.684,1
1442.959,1047.684,1
1443.197,1047.142,1
1445.132,1044.358,1
1443.434,1041.160,1
1445.385,1040.402,1
1444.389,1038.357,1
1444.389,1038.357,1
1445.936,1038.280,1
1446.597,1035.790,1
1448.912,1036.251,1
1448.912,1036.251,1
1450.183,1034.248,1
1452.420,1034.926,1
1453.662,1032.336,1
1455.488,1032.730,1
1455.488,1032.730,1
1456.915,1030.609,1
1459.067,1031.865,1
1460.926,1030.084,1
1462.708,1031.156,1
1462.708,1031.156,1
1464.737,1029.426,1
1466.759,1030.971,1
1468.431,1029.347,1
1470.814,1030.623,1
1470.814,1030.623,1
1472.468,1028.496,1
1474.810,1029.383,1
1476.290,1026.415,1
1478.206,1026.480,1
1478.206,1026.480,1
1478.882,1028.033,1
1481.328,1027.181,1
1481.328,1027.181,1
1483.418,1027.996,1
1483.790,1024.646,1
1485.486,1023.914,1
1485.204,1019.510,1
1485.204,1019.510,1
1486.054,1019.272,1
1488.147,1018.107,1
1489.255,1020.044,1
1489.255,1020.044,1
1491.521,1019.228,1
1492.220,1020.987,1
1494.503,1019.606,1
1495.165,1020.940,1
1495.165,1020.940,1
1497.853,1019.911,1
1498.267,1021.858,1
1500.964,1021.548,1
1501.257,1023.161,1
1501.257,1023.161,1
1502.911,1022.343,1
1503.633,1023.644,1
1506.517,1022.246,1
1507.433,1023.616,1
1507.433,1023.616,1
1510.044,1022.592,1
1511.209,1023.489,1
1513.102,1022.220,1
1513.102,1022.220,1
1514.810,1022.710,1
1516.847,1021.921,1
1518.878,1023.284,1
1521.354,1022.823,1
1521.354,1022.823,1
1522.631,1024.310,1
1525.436,1023.526,1
1527.501,1024.422,1
1529.813,1023.581,1
1529.813,1023.581,1
1531.542,1024.601,1
1533.979,1023.961,1
1536.161,1025.345,1
1536.161,1025.345,1
1539.154,1024.630,1
1541.272,1025.988,1
1543.607,1025.291,1
1544.939,1027.336,1
1544.939,1027.336,1
1547.664,1027.973,1
1548.995,1030.179,1
1551.809,1030.237,1
1553.570,1032.076,1
1553.570,1032.076,1
1557.368,1032.461,1
1558.634,1034.301,1
1561.165,1034.162,1
1561.165,1034.162,1
1562.193,1035.860,1
1565.146,1036.047,1
1566.008,1037.901,1
1568.617,1037.566,1
1568.617,1037.566,1
1570.354,1039.792,1
1572.922,1039.590,1
1575.730,1039.861,1
1575.730,1039.861,1
1576.510,1038.286,1
1578.760,1037.859,1
1581.972,1036.722,1
1585.358,1037.711,1
1585.358,1037.711,1
1589.983,1037.161,1
1594.695,1037.638,1
1601.251,1037.454,1
1601.251,1037.454,1
1605.668,1037.300,1
1606.840,1034.838,1
1608.983,1032.893,1
1608.144,1029.843,1
1608.144,1029.843,1
1609.636,1028.809,1
1608.978,1026.552,1
1611.239,1026.894,1
1611.444,1024.383,1
1611.444,1024.383,1
1614.303,1024.644,1
1614.745,1022.601,1
1617.441,1021.900,1
1617.441,1021.900,1
1616.763,1019.268,1
1619.107,1018.293,1
1617.931,1015.689,1
1620.091,1015.226,1
1620.091,1015.226,1
1619.265,1011.973,1
1621.724,1012.386,1
1621.122,1009.521,1
1621.122,1009.521,1
1623.456,1008.408,1
1622.964,1005.886,1
1625.011,1004.471,1
1623.852,1001.307,1
1623.852,1001.307,1
1625.964,999.156,1
1624.453,996.622,1
1626.082,993.951,1
1626.082,993.951,1
1623.717,991.258,1
1625.523,989.630,1
1624.058,987.622,1
1625.421,985.518,1
1625.421,985.518,1
1624.344,982.929,1
1626.424,979.828,1
1624.311,979.265,1
1624.311,979.265,1
1623.429,976.976,1
1620.868,976.323,1
1619.987,974.054,1
1619.987,974.054,1
1617.246,974.559,1
1616.358,972.052,1
1614.168,973.195,1
1613.720,970.890,1
1613.720,970.890,1
1610.355,971.804,1
1610.343,969.766,1
1607.311,969.051,1
1607.311,969.051,1
1607.232,967.464,1
1604.297,966.307,1
1603.703,964.260,1
1600.964,963.519,1
1600.964,963.519,1
1600.617,960.935,1
1598.548,961.270,1
1597.486,958.246,1
1597.486,958.246,1
1595.243,958.643,1
1593.345,956.433,1
1590.748,957.513,1
1589.284,955.269,1
1589.284,955.269,1
1586.301,956.186,1
1584.833,954.479,1
1582.038,955.833,1
1582.038,955.833,1
1580.232,953.681,1
1577.844,954.347,1
1576.400,952.658,1
1574.196,953.834,1
1574.196,953.834,1
1572.927,952.052,1
1570.335,953.271,1
1568.496,951.633,1
1568.496,951.633,1
1566.404,953.030,1
1565.191,951.217,1
1562.149,952.035,1
1561.247,950.292,1
1561.247,950.292,1
1558.951,951.456,1
1559.153,949.832,1
1556.890,951.345,1
1556.890,951.345,1
1555.440,949.405,1
1552.989,949.948,1
1551.473,948.004,1
1551.473,948.004,1
1548.615,948.964,1
1547.657,947.137,1
1544.874,948.044,1
1543.937,946.088,1
1543.937,946.088,1
1540.779,946.877,1
1539.501,945.133,1
1536.694,945.574,1
1535.266,943.590,1
1535.266,943.590,1
1532.608,944.067,1
1530.455,942.212,1
1528.065,945.405,1
1528.065,945.405,1
1526.975,944.556,1
1525.486,946.246,1
1524.146,944.317,1
1522.266,945.897,1
1522.266,945.897,1
1521.166,943.481,1
1519.177,943.888,1
1517.739,941.479,1
1517.739,941.479,1
1515.730,942.638,1
1513.988,941.139,1
1511.563,942.897,1
1510.386,941.262,1
1510.386,941.262,1
1508.019,942.621,1
1506.568,940.709,1
1504.054,942.101,1
1504.054,942.101,1
1502.355,940.261,1
1498.890,941.380,1
1497.200,939.159,1
1497.200,939.159,1
1496.224,939.522,1
1496.186,940.307,1
1496.127,942.657,1
1494.829,941.593,1
1494.829,941.593,1
1493.394,943.535,1
1491.965,941.530,1
1489.598,942.417,1
1489.598,942.417,1
1488.194,940.296,1
1485.880,942.343,1
1484.757,940.174,1
1483.049,941.839,1
1483.049,941.839,1
1480.380,940.427,1
1477.885,942.400,1
1475.961,941.437,1
1473.620,943.588,1
1473.620,943.588,1
1471.872,942.313,1
1469.595,944.429,1
1467.873,942.436,1
1467.873,942.436,1
1465.093,944.230,1
1463.588,942.433,1
1460.745,944.421,1
1460.745,944.421,1
1460.767,943.276,1
1459.132,945.032,1
1457.533,943.256,1
1455.519,943.999,1
1455.519,943.999,1
1454.569,941.863,1
1452.306,943.051,1
1451.341,941.187,1
1451.341,941.187,1
1448.215,942.185,1
1447.546,940.670,1
1444.588,940.196,1
1444.255,938.082,1
1444.255,938.082,1
1440.886,937.855,1
1440.771,936.431,1
1438.316,936.318,1
1437.221,935.024,1
1437.221,935.024,1
1433.895,935.382,1
1432.188,934.551,1
1429.675,935.478,1
1429.675,935.478,1
1428.462,934.529,1
1426.454,935.872,1
1424.719,934.299,1
1422.144,935.654,1
1422.144,935.654,1
1420.118,934.121,1
1418.471,934.917,1
1416.567,933.071,1
1416.567,933.071,1
1414.448,934.032,1
1412.571,932.527,1
1410.296,933.708,1
1408.012,931.370,1
1408.012,931.370,1
1405.923,933.413,1
1405.008,932.037,1
1402.450,932.371,1
1402.450,932.371,1
1401.645,930.204,1
1399.933,930.846,1
1398.342,928.327,1
1396.186,928.641,1
1396.186,928.641,1
1395.254,926.738,1
1392.437,927.280,1
1392.277,925.421,1
1392.277,925.421,1
1390.444,926.005,1
1388.852,924.301,1
1386.394,925.273,1
1384.968,923.487,1
1384.968,923.487,1
1381.730,924.631,1
1380.265,922.370,1
1377.353,922.866,1
1377.353,922.866,1
1376.484,921.158,1
1373.910,922.024,1
1373.044,919.491,1
1369.921,919.964,1
1369.921,919.964,1
1368.497,918.007,1
1366.392,919.459,1
1365.649,918.059,1
1365.649,918.059,1
1362.393,918.024,1
1361.254,915.770,1
1358.000,915.747,1
1357.504,914.221,1
1357.504,914.221,1
1353.468,914.419,1
1352.371,912.879,1
1349.244,913.295,1
1349.244,913.295,1
1350.093,911.659,1
1347.989,912.410,1
1347.052,910.461,1
1344.939,911.319,1
1344.939,911.319,1
1343.668,909.384,1
1341.308,910.843,1
1340.188,908.840,1
1340.188,908.840,1
1337.203,909.895,1
1335.902,908.067,1
1333.758,908.960,1
1332.285,907.572,1
1332.285,907.572,1
1330.133,908.587,1
1328.927,906.256,1
1326.455,907.261,1
1325.342,905.503,1
1325.342,905.503,1
1323.019,906.123,1
1322.132,904.160,1
1319.764,905.348,1
1317.864,902.984,1
1317.864,902.984,1
1315.119,903.858,1
1313.331,902.600,1
1311.587,903.948,1
1311.587,903.948,1
1309.925,902.771,1
1309.661,904.525,1
1308.754,902.363,1
1306.183,902.908,1
1306.183,902.908,1
1303.953,900.589,1
1301.891,902.350,1
1299.821,901.541,1
1299.821,901.541,1
1298.615,903.946,1
1296.565,903.545,1
1295.518,905.026,1
1295.518,905.026,1
1295.065,904.230,1
1294.414,905.166,1
1293.470,903.021,1
1290.916,903.350,1
1290.916,903.350,1
1289.499,900.573,1
1286.939,901.041,1
1285.532,899.477,1
1283.069,900.833,1
1283.069,900.833,1
1281.991,899.158,1
1280.746,900.514,1
1279.612,899.121,1
1279.612,899.121,1
1277.011,899.786,1
1275.538,897.530,1
1272.145,897.687,1
1272.145,897.687,1
1271.153,895.424,1
1268.247,896.465,1
1266.562,894.707,1
1264.050,895.472,1
1264.050,895.472,1
1263.418,893.345,1
1261.208,893.403,1
1260.697,891.278,1
1260.697,891.278,1
1257.209,890.767,1
1256.339,888.668,1
1252.972,888.599,1
1252.021,886.472,1
1252.021,886.472,1
1249.291,887.065,1
1248.675,884.703,1
1246.305,885.075,1
1245.514,882.688,1
1245.514,882.688,1
1242.905,883.193,1
1241.892,880.893,1
1239.365,881.384,1
1239.365,881.384,1
1238.050,879.360,1
1235.322,879.497,1
1234.706,877.542,1
1232.046,879.143,1
1232.046,879.143,1
1231.070,877.583,1
1228.628,878.392,1
1228.511,876.377,1
1226.343,876.707,1
1226.343,876.707,1
1226.258,874.306,1
1223.168,874.502,1
1222.495,872.309,1
1222.495,872.309,1
1220.004,872.951,1
1219.421,870.712,1
1216.654,870.937,1
1215.966,868.650,1
1215.966,868.650,1
1212.969,868.593,1
1212.057,866.026,1
1209.536,865.913,1
1208.760,863.930,1
1208.760,863.930,1
1206.338,864.275,1
1205.354,862.416,1
1202.655,862.774,1
1202.655,862.774,1
1201.888,860.911,1
1199.228,861.000,1
1198.535,859.402,1
1195.936,859.593,1
1195.936,859.593,1
1195.705,857.440,1
1193.627,857.809,1
1193.483,856.182,1
1193.483,856.182,1
1191.003,855.881,1
1190.546,853.273,1
1187.267,852.960,1
1186.467,850.923,1
1186.467,850.923,1
1183.850,851.340,1
1183.322,849.309,1
1181.009,850.147,1
1181.009,850.147,1
1180.634,848.553,1
1178.262,848.956,1
1178.406,847.218,1
1176.213,847.290,1
1176.213,847.290,1
1176.341,845.864,1
1174.334,845.874,1
1174.197,844.306,1
1171.660,844.873,1
1171.660,844.873,1
1171.127,843.242,1
1168.393,843.643,1
1168.005,842.717,1
1165.050,843.968,1
1165.050,843.968,1
1164.979,841.892,1
1162.903,842.008,1
1163.542,840.867,1
1163.542,840.867,1
1162.562,841.429,1
1162.562,841.429,1
1162.562,841.429,1
1162.562,841.429,1
1162.562,841.429,1
1162.562,841.429,1
1162.562,841.429,1
1162.562,841.429,1
1162.562,841.429,1
1161.394,842.072,1
1158.577,842.228,1
1157.102,840.404,1
1157.102,840.404,1
1153.371,840.831,1
1153.159,839.284,1
1150.007,839.771,1
1150.007,839.771,1
1148.549,838.312,1
1146.059,839.836,1
1144.959,838.215,1
1142.075,838.358,1
1142.075,838.358,1
1141.498,837.172,1
1139.593,837.838,1
1138.396,836.520,1
1136.275,837.219,1
1136.275,837.219,1
1135.147,835.328,1
1132.944,835.866,1
1131.376,833.861,1
1131.376,833.861,1
1129.354,835.623,1
1127.271,833.227,1
1125.463,834.868,1
1123.838,833.603,1
1123.838,833.603,1
1121.987,835.426,1
1120.508,833.430,1
1118.133,834.094,1
1116.765,831.722,1
1116.765,831.722,1
1114.276,832.224,1
1112.278,830.708,1
1110.089,832.030,1
1110.089,832.030,1
1108.987,830.441,1
1106.535,831.087,1
1104.895,829.165,1
1102.762,830.002,1
1102.762,830.002,1
1101.273,827.600,1
1098.970,827.803,1
1097.048,825.427,1
1094.277,826.007,1
1094.277,826.007,1
1093.109,823.839,1
1089.507,824.101,1
1089.292,822.289,1
1089.292,822.289,1
1085.891,823.579,1
1085.064,822.098,1
1083.038,823.385,1
1083.458,820.844,1
1083.458,820.844,1
1080.199,819.573,1
1079.667,817.386,1
1078.186,820.047,1
1078.186,820.047,1
1077.365,819.310,1
1076.618,821.085,1
1076.445,819.222,1
1074.076,819.817,1
1074.076,819.817,1
1073.503,817.812,1
1070.880,817.264,1
1070.931,814.747,1
1070.931,814.747,1
1068.373,813.678,1
1070.523,811.668,1
1069.175,810.614,1
1071.093,809.279,1
1071.093,809.279,1
1068.273,808.685,1
1068.040,806.885,1
1066.681,807.432,1
1068.162,806.179,1
1068.162,806.179,1
1066.092,806.364,1
1065.422,804.913,1
1063.108,806.375,1
1063.108,806.375,1
1060.894,805.469,1
1060.728,809.420,1
1058.304,809.022,1
1057.547,811.036,1
1057.547,811.036,1
1055.573,809.158,1
1055.791,811.105,1
1055.478,809.390,1
1055.478,809.390,1
1053.571,810.503,1
1051.246,808.108,1
1049.149,809.752,1
1049.149,809.752,1
1047.429,808.325,1
1044.560,809.247,1
1043.319,807.398,1
1040.501,807.968,1
1040.501,807.968,1
1039.923,805.964,1
1036.971,804.308,1
1036.768,801.840,1
1034.800,800.435,1
1034.800,800.435,1
1033.841,797.927,1
1031.500,797.756,1
1029.768,794.879,1
1029.768,794.879,1
1027.368,794.852,1
1026.549,793.375,1
1023.736,793.376,1
1022.585,791.270,1
1022.585,791.270,1
1019.876,792.235,1
1019.003,790.129,1
1016.658,790.692,1
1015.515,788.743,1
1015.515,788.743,1
1012.681,789.201,1
1011.937,787.267,1
1009.730,788.293,1
1009.129,786.422,1
1009.129,786.422,1
1006.988,786.847,1
1005.900,784.970,1
1003.898,785.849,1
1003.246,784.242,1
1003.246,784.242,1
1000.783,784.393,1
1000.440,783.058,1
998.762,783.761,1
998.762,783.761,1
998.135,781.809,1
994.915,782.467,1
992.432,781.203,1
992.179,783.371,1
992.179,783.371,1
991.543,782.260,1
989.574,783.791,1
989.256,782.042,1
989.256,782.042,1
986.582,782.266,1
985.741,779.878,1
983.004,780.115,1
981.795,778.268,1
981.795,778.268,1
979.211,778.484,1
978.400,776.762,1
976.675,776.722,1
975.729,774.794,1
975.729,774.794,1
973.504,775.176,1
971.559,773.129,1
968.972,774.316,1
968.972,774.316,1
966.761,772.305,1
964.272,774.094,1
962.571,772.616,1
959.765,774.239,1
959.765,774.239,1
958.114,772.321,1
955.068,773.791,1
954.151,771.620,1
953.175,772.917,1
953.175,772.917,1
952.114,771.184,1
948.879,772.058,1
949.205,769.764,1
949.205,769.764,1
946.798,768.666,1
947.127,765.891,1
944.787,765.786,1
944.213,763.912,1
944.213,763.912,1
941.926,763.144,1
941.122,761.601,1
939.128,761.789,1
937.089,759.468,1
937.089,759.468,1
935.485,760.707,1
934.351,758.801,1
933.049,760.342,1
933.049,760.342,1
932.151,758.552,1
929.904,760.165,1
929.868,758.534,1
927.988,759.032,1
927.988,759.032,1
926.691,757.130,1
924.575,758.379,1
923.265,756.055,1
921.730,756.867,1
921.730,756.867,1
919.972,755.289,1
918.155,757.313,1
916.792,755.820,1
916.792,755.820,1
915.086,757.233,1
913.288,756.741,1
912.418,759.421,1
910.985,759.665,1
910.985,759.665,1
909.639,761.501,1
908.086,761.105,1
905.962,762.217,1
904.536,760.998,1
904.536,760.998,1
902.604,762.867,1
901.143,762.621,1
900.330,763.761,1
899.060,762.784,1
899.060,762.784,1
898.280,764.781,1
897.005,764.387,1
895.568,766.229,1
895.568,766.229,1
894.184,765.495,1
891.468,766.336,1
889.874,764.843,1
887.433,765.756,1
887.433,765.756,1
886.375,764.414,1
883.073,765.341,1
881.086,763.843,1
879.547,765.130,1
879.547,765.130,1
878.164,764.026,1
875.928,765.373,1
875.516,763.680,1
875.516,763.680,1
872.724,763.810,1
872.182,762.117,1
869.629,761.896,1
869.518,760.111,1
869.518,760.111,1
865.957,758.507,1
865.226,756.026,1
862.485,754.765,1
860.397,751.666,1
860.397,751.666,1
856.222,749.885,1
855.874,747.415,1
851.643,745.783,1
851.643,745.783,1
851.515,743.934,1
850.614,743.513,1
850.614,743.513,1
850.614,743.513,1
850.834,742.851,1
853.027,740.762,1
852.208,738.154,1
853.742,736.349,1
853.742,736.349,1
853.325,733.519,1
855.195,732.449,1
855.510,730.366,1
855.510,730.366,1
857.448,730.673,1
858.522,728.456,1
859.204,728.063,1
859.204,728.063,1
857.392,727.756,1
857.429,728.819,1
857.429,728.819,1
857.429,728.819,1
857.429,728.819,1
857.429,728.819,1
857.429,728.819,1
857.429,728.819,1
857.429,728.819,1
857.429,728.819,1
857.429,728.819,1
857.408,728.170,1
857.745,726.512,1
856.001,724.422,1
856.001,724.422,1
858.674,722.615,1
859.100,720.293,1
861.881,719.620,1
860.516,717.838,1
860.516,717.838,1
861.873,715.941,1
860.298,715.395,1
862.627,713.050,1
862.627,713.050,1
861.026,712.788,1
860.225,709.959,1
857.351,710.549,1
856.635,708.494,1
856.635,708.494,1
854.363,710.578,1
854.640,707.223,1
852.434,708.170,1
852.434,708.170,1
851.533,705.303,1
849.660,705.783,1
848.900,703.289,1
846.450,704.521,1
846.450,704.521,1
845.661,702.165,1
843.241,703.279,1
842.690,700.787,1
842.690,700.787,1
840.175,702.058,1
839.383,699.430,1
836.600,700.281,1
835.875,697.662,1
835.875,697.662,1
833.343,698.754,2
832.247,695.674,2
829.661,696.682,2
829.661,696.682,2
829.292,693.753,2
826.436,694.322,2
826.180,691.503,2
823.442,692.004,2
831.082,712.303,2
830.985,708.277,2
827.935,709.128,2
827.935,709.128,2
827.255,706.680,2
824.572,707.156,2
824.213,704.794,2
824.213,704.794,2
821.325,706.251,2
821.305,703.594,2
819.829,703.977,2
819.829,703.977,2
820.391,701.413,2
819.520,700.913,2
819.291,698.975,2
816.085,697.803,2
816.085,697.803,2
815.746,696.688,2
815.746,696.688,2
815.856,696.040,2
816.971,695.222,2
814.705,691.343,2
816.298,690.410,2
816.298,690.410,2
816.492,687.810,2
818.584,688.077,2
820.091,686.658,2
822.204,687.456,2
822.204,687.456,2
824.783,687.656,2
826.528,689.002,2
829.170,688.956,2
830.594,690.486,2
830.594,690.486,2
833.598,690.130,2
834.660,692.144,2
836.934,691.744,2
837.346,693.987,2
837.346,693.987,2
839.485,694.361,2
840.240,697.482,2
842.624,697.533,2
843.088,699.591,2
843.088,699.591,2
845.723,699.767,2
846.118,702.141,2
848.413,701.814,2
848.413,701.814,2
849.439,704.235,2
851.907,703.465,2
852.640,705.287,2
854.878,705.103,2
854.878,705.103,2
856.283,707.246,2
859.364,707.050,2
861.750,708.932,2
864.487,708.561,2
864.487,708.561,2
866.742,710.196,2
869.476,709.518,2
870.764,711.194,2
873.305,710.478,2
873.305,710.478,2
874.698,712.243,2
877.277,712.048,2
878.210,713.907,2
878.210,713.907,2
881.059,713.638,2
882.399,715.310,2
884.764,714.751,2
885.634,716.183,2
885.634,716.183,2
887.819,715.020,2
888.872,716.540,2
891.617,716.183,2
891.653,718.066,2
891.653,718.066,2
894.511,718.822,2
894.572,720.252,2
896.876,721.731,2
897.083,723.441,2
897.083,723.441,2
900.112,725.358,2
900.609,727.157,2
903.456,729.607,2
903.460,731.160,2
903.460,731.160,2
905.488,733.667,2
905.829,735.662,2
907.613,737.883,2
907.655,740.543,2
907.655,740.543,2
909.702,742.810,2
908.454,745.055,2
910.079,746.358,2
910.079,746.358,2
908.725,746.891,2
909.613,748.692,2
908.188,749.789,2
909.411,751.851,2
909.411,751.851,2
907.824,752.676,2
908.322,755.178,2
906.416,756.493,2
906.720,759.205,2
906.720,759.205,2
904.548,760.093,2
903.948,762.320,2
901.522,763.019,2
901.033,765.510,2
901.033,765.510,2
898.774,765.774,2
898.432,768.271,2
896.281,768.703,2
896.281,768.703,2
897.000,771.386,2
895.746,771.275,2
893.939,773.246,2
892.369,771.673,2
892.369,771.673,2
890.192,772.826,2
888.553,771.448,2
886.375,772.341,2
884.166,771.202,2
884.166,771.202,2
881.480,772.533,2
880.210,771.498,2
877.482,772.264,2
877.482,772.264,2
875.520,770.872,2
872.425,771.555,2
871.278,769.497,2
869.082,770.277,2
869.082,770.277,2
868.255,768.405,2
865.478,768.756,2
864.725,766.987,2
861.589,766.514,2
861.589,766.514,2
861.263,765.354,2
858.643,765.576,2
857.517,763.840,2
854.955,764.933,2
854.955,764.933,2
853.490,763.147,2
851.162,764.595,2
850.361,762.005,2
850.361,762.005,2
847.614,762.707,2
845.955,760.924,2
843.885,761.933,2
842.859,760.359,2
842.859,760.359,2
840.313,761.250,2
839.500,759.722,2
836.571,760.327,2
834.288,758.145,2
834.288,758.145,2
832.099,759.086,2
833.150,757.167,2
830.831,756.944,2
830.831,756.944,2
830.090,755.284,2
827.611,756.200,2
825.730,754.719,2
823.724,756.120,2
823.724,756.120,2
822.146,754.780,2
820.521,757.163,2
818.524,756.626,2
816.138,757.930,2
816.138,757.930,2
814.536,756.416,2
812.174,757.454,2
810.630,755.808,2
807.853,756.432,2
807.853,756.432,2
806.001,754.381,2
803.162,755.500,2
801.209,754.090,2
801.209,754.090,2
798.832,755.540,2
796.532,754.824,2
795.000,756.794,2
793.166,755.346,2
793.166,755.346,2
791.698,756.976,2
789.260,755.945,2
788.141,757.898,2
785.790,757.274,2
785.790,757.274,2
784.796,759.514,2
782.861,759.771,2
781.759,762.089,2
779.421,762.136,2
779.421,762.136,2
777.785,764.309,2
775.393,763.836,2
773.793,765.810,2
771.509,765.502,2
771.509,765.502,2
769.981,767.912,2
767.275,767.483,2
766.032,769.916,2
766.032,769.916,2
764.480,768.571,2
763.366,769.821,2
760.848,769.719,2
760.134,772.482,2
760.134,772.482,2
757.832,772.982,2
758.257,776.197,2
756.715,777.109,2
757.611,780.197,2
757.611,780.197,2
756.295,779.850,2
755.932,782.073,2
754.018,782.066,2
754.018,782.066,2
753.338,784.162,2
751.141,784.092,2
750.073,786.521,2
747.846,786.054,2
747.846,786.054,2
745.647,787.941,2
743.648,785.680,2
742.132,787.116,2
740.830,785.760,2
740.830,785.760,2
738.101,786.522,2
737.393,785.652,2
737.393,785.652,2
738.872,787.081,2
740.112,784.534,2
739.767,785.891,2
739.813,784.810,2
739.813,784.810,2
739.633,785.675,2
740.321,784.266,2
739.779,785.345,2
740.621,783.842,2
740.621,783.842,2
740.438,784.728,2
741.331,783.507,2
741.754,785.485,2
742.352,783.451,2
742.352,783.451,2
742.538,782.003,2
742.258,783.043,2
742.939,781.857,2
742.939,781.857,2
742.338,790.705,1
743.394,790.244,1
743.114,791.521,1
743.360,790.217,1
743.360,790.217,1
743.324,791.284,1
743.954,789.230,1
744.497,789.675,1
742.388,788.721,1
742.388,788.721,1
741.159,790.148,1
738.366,792.025,1
739.430,793.605,1
739.347,795.316,1
726.464,797.472,1
727.732,798.442,1
727.939,799.908,1
727.939,799.908,1
729.388,798.693,1
728.544,799.357,1
729.285,797.788,1
728.103,799.157,1
728.103,799.157,1
728.346,798.264,1
727.500,799.330,1
727.836,798.357,1
727.186,799.253,1
727.186,799.253,1
728.011,797.238,1
725.694,796.988,1
726.915,795.953,1
727.325,796.850,1
727.325,796.850,1
730.230,797.276,1
730.447,799.205,1
733.360,800.374,1
732.217,801.659,1
732.217,801.659,1
733.702,803.027,1
730.295,803.691,1
731.401,805.268,1
730.807,806.320,1
730.807,806.320,1
732.762,808.166,1
731.722,809.082,1
731.348,811.358,1
729.488,811.014,1
729.488,811.014,1
727.702,812.712,1
725.919,811.187,1
724.061,812.619,1
722.331,811.721,1
722.331,811.721,1
720.766,813.606,1
718.786,812.215,1
717.030,813.903,1
715.159,812.777,1
715.159,812.777,1
713.476,814.130,1
711.205,812.668,1
709.201,814.144,1
707.377,813.579,1
707.377,813.579,1
705.977,815.662,1
704.841,814.812,1
703.776,816.463,1
703.189,815.468,1
703.189,815.468,1
701.682,817.506,1
700.430,816.726,1
699.098,818.499,1
697.204,817.787,1
697.204,817.787,1
695.728,819.200,1
694.239,818.093,1
692.122,820.007,1
691.123,818.518,1
691.123,818.518,1
689.013,818.997,1
688.461,817.220,1
686.056,817.090,1
685.640,814.683,1
685.640,814.683,1
683.408,814.470,1
682.876,812.170,1
680.851,812.125,1
680.191,810.270,1
680.191,810.270,1
677.269,811.203,1
676.777,809.277,1
674.456,808.916,1
674.114,806.887,1
674.114,806.887,1
671.481,806.875,1
670.678,804.924,1
668.165,804.651,1
668.231,803.275,1
668.231,803.275,1
666.866,803.591,1
666.431,801.946,1
664.203,801.888,1
663.968,799.668,1
663.968,799.668,1
662.015,800.056,1
661.197,798.019,1
658.917,797.828,1
657.978,796.177,1
657.978,796.177,1
655.733,796.178,1
655.230,794.516,1
652.970,794.492,1
652.249,793.045,1
652.249,793.045,1
650.560,793.450,1
650.375,791.930,1
648.484,792.503,1
648.198,790.885,1
648.198,790.885,1
646.238,792.313,1
645.776,790.772,1
643.969,791.863,1
643.150,790.379,1
643.150,790.379,1
640.936,791.329,1
639.525,790.902,1
636.020,792.609,1
636.020,792.609,1
634.311,791.826,1
632.123,792.555,1
629.855,790.812,1
626.944,791.641,1
626.944,791.641,1
624.905,789.769,1
622.874,791.131,1
620.704,789.860,1
618.949,791.490,1
618.949,791.490,1
616.685,790.803,1
615.283,792.861,1
613.512,792.398,1
611.708,794.228,1
611.708,794.228,1
609.686,793.449,1
608.065,795.309,1
605.960,794.573,1
604.254,796.446,1
604.254,796.446,1
601.644,795.339,1
599.721,796.857,1
597.806,796.450,1
597.806,796.450,1
596.223,798.481,1
594.211,798.250,1
592.415,800.250,1
590.947,799.880,1
590.947,799.880,1
589.196,802.195,1
587.975,801.474,1
585.346,802.409,1
585.048,800.900,1
585.048,800.900,1
582.404,799.376,1
583.625,797.799,1
581.923,796.225,1
583.664,794.693,1
583.664,794.693,1
582.300,792.542,1
583.731,790.392,1
582.357,788.439,1
582.357,788.439,1
584.161,787.214,1
583.657,785.521,1
586.212,784.832,1
583.811,783.938,1
583.811,783.938,1
585.138,782.538,1
584.019,782.512,1
584.019,782.512,1
584.319,781.916,1
584.964,780.796,1
582.132,780.788,1
582.132,780.788,1
581.734,779.190,1
578.969,779.128,1
578.884,777.959,1
576.296,778.033,1
576.296,778.033,1
575.860,776.942,1
572.629,776.146,1
572.364,774.189,1
572.364,774.189,1
569.241,772.668,1
569.229,770.500,1
566.953,768.664,1
567.048,766.332,1
567.048,766.332,1
563.399,763.817,1
563.757,762.245,1
561.382,760.053,1
561.670,757.918,1
561.670,757.918,1
559.722,756.178,1
560.798,754.325,1
559.399,752.126,1
560.966,750.559,1
560.966,750.559,1
559.962,748.367,1
562.085,746.669,1
561.058,744.728,1
562.049,743.066,1
562.049,743.066,1
560.978,740.273,1
562.700,738.483,1
561.930,735.399,1
561.930,735.399,1
563.444,734.311,1
563.368,731.802,1
565.401,730.104,1
564.763,727.643,1
564.763,727.643,1
566.304,726.169,1
565.332,723.438,1
566.791,722.781,1
566.292,720.557,1
566.292,720.557,1
567.467,719.495,1
566.585,717.166,1
567.500,716.111,1
567.500,716.111,1
566.738,713.563,1
567.877,712.441,1
567.563,709.911,1
568.833,707.532,1
568.833,707.532,1
567.688,705.501,1
568.244,703.628,1
566.362,701.023,1
567.575,699.521,1
567.575,699.521,1
566.803,696.965,1
568.414,695.857,1
568.434,693.112,1
571.361,692.689,1
571.361,692.689,1
572.041,689.905,1
574.164,689.843,1
574.936,687.940,1
574.936,687.940,1
577.071,688.352,1
577.789,686.252,1
580.245,686.852,1
580.710,685.030,1
580.710,685.030,1
581.994,686.933,1
582.572,685.610,1
584.744,685.737,1
584.744,685.737,1
584.156,684.056,1
585.320,682.803,1
582.872,680.919,1
582.861,679.195,1
582.861,679.195,1
580.847,677.526,1
580.837,675.823,1
578.219,674.070,1
578.603,673.283,1
578.603,673.283,1
577.407,671.391,1
579.076,670.040,1
577.499,667.625,1
578.769,666.011,1
578.769,666.011,1
576.974,664.445,1
578.100,663.376,1
577.106,661.100,1
577.106,661.100,1
578.196,660.103,1
579.035,657.219,1
580.483,657.401,1
580.483,657.401,1
582.005,654.830,1
583.305,656.875,1
585.798,655.165,1
585.798,655.165,1
586.266,655.776,1
586.266,655.776,1
586.266,655.776,1
586.266,655.776,1
586.266,655.776,1
586.266,655.776,1
586.266,655.776,1
586.266,655.776,1
586.266,655.776,1
586.266,655.776,1
586.266,655.776,1
586.266,655.776,1
586.266,655.776,1
586.266,655.776,1
586.266,655.776,1
586.266,655.776,1
586.266,655.776,1
586.266,655.776,1
586.266,655.776,1
586.266,655.776,1
586.266,655.776,1
586.266,655.776,1
586.266,655.776,1
586.266,655.776,1
586.266,655.776,1
586.266,655.776,1
586.266,655.776,1
586.266,655.776,1
586.266,655.776,1
577.594,662.797,0
577.702,662.379,0
578.549,664.308,0
670.340,677.081,0
672.480,676.322,0
674.097,677.855,0
674.097,677.855,0
676.448,677.127,0
677.750,678.853,0
679.798,678.727,0
681.224,680.691,0
681.224,680.691,0
683.525,679.435,0
685.051,681.087,0
687.159,679.995,0
687.159,679.995,0
689.071,681.255,0
691.061,679.964,0
693.371,680.985,0
694.708,679.063,0
694.708,679.063,0
696.423,679.894,0
695.421,677.138,0
696.264,676.977,0
696.271,674.835,0
696.271,674.835,0
698.230,675.501,0
699.659,673.682,0
701.059,675.187,0
703.287,674.556,0
703.287,674.556,0
705.097,676.315,0
706.962,675.406,0
708.999,677.140,0
710.820,675.911,0
710.820,675.911,0
712.650,676.753,0
714.552,675.863,0
716.757,676.599,0
716.757,676.599,0
717.955,674.860,0
720.259,676.223,0
721.294,674.610,0
723.359,674.756,0
723.359,674.756,0
722.945,672.511,0
725.024,672.593,0
724.484,670.596,0
726.151,669.071,0
726.151,669.071,0
725.325,666.790,0
726.475,665.329,0
725.595,663.078,0
726.970,661.474,0
726.970,661.474,0
725.977,660.164,0
728.457,659.070,0
727.496,656.800,0
727.496,656.800,0
728.012,655.068,0
725.489,654.749,0
724.726,653.053,0
721.765,651.242,0
721.765,651.242,0
722.194,650.564,0
719.970,650.791,0
720.075,649.910,0
720.075,649.910,0
720.075,649.910,0
720.844,649.191,0
723.358,647.394,0
722.051,646.309,0
722.414,643.967,0
722.414,643.967,0
719.720,642.690,0
719.975,640.842,0
717.661,639.317,0
718.403,637.997,0
718.403,637.997,0
717.155,635.708,0
718.695,634.793,0
719.154,632.892,0
721.588,632.850,0
721.588,632.850,0
722.309,630.419,0
724.551,629.177,0
723.944,627.037,0
725.471,625.663,0
725.471,625.663,0
724.706,623.590,0
726.530,622.087,0
725.741,619.206,0
725.741,619.206,0
727.296,617.920,0
726.449,615.441,0
728.171,614.457,0
727.783,612.027,0
727.783,612.027,0
729.827,611.078,0
728.881,608.630,0
731.105,607.850,0
730.911,605.775,0
730.911,605.775,0
733.128,604.842,0
732.924,601.908,0
734.568,601.120,0
733.745,598.000,0
733.745,598.000,0
735.827,596.703,0
735.427,594.208,0
737.566,592.644,0
737.566,592.644,0
736.637,590.138,0
738.644,588.782,0
737.946,586.226,0
739.505,585.092,0
739.505,585.092,0
738.481,582.864,0
740.750,581.744,0
740.491,579.234,0
742.753,577.697,0
742.753,577.697,0
742.632,575.002,0
744.587,573.993,0
743.873,571.746,0
743.873,571.746,0
745.700,571.022,0
745.444,568.729,0
747.570,567.827,0
747.121,565.127,0
747.121,565.127,0
748.999,564.477,0
748.969,562.541,0
751.448,561.779,0
750.023,559.923,0
750.023,559.923,0
751.139,557.918,0
749.267,556.046,0
749.950,554.152,0
748.426,552.162,0
748.426,552.162,0
749.993,549.699,0
748.765,548.477,0
748.853,546.232,0
748.853,546.232,0
746.709,545.306,0
746.837,543.384,0
744.840,542.392,0
744.807,540.086,0
744.807,540.086,0
743.094,539.993,0
742.897,537.372,0
740.496,537.984,0
739.491,536.068,0
739.491,536.068,0
736.786,536.840,0
735.820,534.775,0
733.622,536.031,0
732.559,534.346,0
732.559,534.346,0
730.230,534.839,0
729.247,532.512,0
726.919,532.610,0
725.878,530.585,0
725.878,530.585,0
723.396,530.926,0
722.084,529.379,0
719.951,530.302,0
719.951,530.302,0
718.682,528.567,0
716.336,529.101,0
715.298,527.169,0
712.864,527.619,0
712.864,527.619,0
711.703,525.543,0
709.213,525.731,0
708.405,523.942,0
705.930,524.357,0
705.930,524.357,0
705.029,522.555,0
702.674,522.607,0
702.167,520.916,0
700.673,521.467,0
700.673,521.467,0
699.819,519.637,0
697.265,520.431,0
696.196,518.478,0
696.196,518.478,0
693.583,518.938,0
692.543,517.331,0
689.445,517.874,0
689.184,516.133,0
689.184,516.133,0
687.298,516.044,0
686.101,514.055,0
684.046,514.593,0
682.582,513.166,0
682.582,513.166,0
680.122,514.431,0
679.087,513.079,0
676.523,513.383,0
675.900,511.406,0
675.900,511.406,0
673.485,511.413,0
672.687,509.407,0
670.453,509.488,0
669.286,507.739,0
669.286,507.739,0
666.436,508.486,0
665.612,507.255,0
662.651,507.370,0
662.651,507.370,0
663.044,506.354,0
663.044,506.354,0
663.044,506.354,0