1515688724000,-1.630477888,47.225002929,0,0
1515688759573,-1.630477888,47.225002929,0,0
1515688761191,-1.630477888,47.225002929,0,0
1515688762817,-1.630477888,47.225002929,0,0
1515688764359,-1.630477888,47.225002929,0,1
1515688765984,-1.630477888,47.225002929,0,0
1515688767612,-1.630477888,47.225002929,0,0
1515688769234,-1.630477888,47.225002929,0,0
1515688770859,-1.630477888,47.225002929,0,0
1515688771041,-1.630479462,47.225006457,0,0
1515688771194,-1.630484843,47.225011070,0,0
1515688771346,-1.630474380,47.225014828,0,0
1515688772484,-1.630474380,47.225014828,0,0
1515688772631,-1.630478403,47.225023589,0,0
1515688772786,-1.630470405,47.225028034,0,0
1515688772933,-1.630473193,47.225035995,0,0
1515688774108,-1.630473193,47.225035995,0,0
1515688774262,-1.630463440,47.225039793,0,0
1515688774417,-1.630465783,47.225047715,0,0
1515688774564,-1.630457769,47.225051200,0,0
1515688775732,-1.630457769,47.225051200,0,0
1515688775881,-1.630461859,47.225058660,0,0
1515688776042,-1.630454483,47.225064084,0,0
1515688776209,-1.630458508,47.225069882,0,0
1515688777357,-1.630458508,47.225069882,0,0
1515688777506,-1.630452642,47.225072240,0,0
1515688777660,-1.630455289,47.225079409,0,0
1515688777807,-1.630448347,47.225082892,0,0
1515688777954,-1.630451269,47.225089570,0,0
1515688778982,-1.630451269,47.225089570,0,0
1515688779145,-1.630443904,47.225093853,0,0
1515688779300,-1.630447228,47.225100694,0,0
1515688779450,-1.630438986,47.225104482,0,0
1515688780607,-1.630438986,47.225104482,0,0
1515688780760,-1.630442751,47.225111039,0,0
1515688780919,-1.630435708,47.225115174,0,0
1515688781072,-1.630441745,47.225122956,0,0
1515688782232,-1.630441745,47.225122956,0,0
1515688782389,-1.630436600,47.225128202,0,0
1515688782547,-1.630441908,47.225136138,0,0
1515688782694,-1.630434767,47.225141404,0,0
1515688782844,-1.630437005,47.225149464,0,0
1515688783856,-1.630437005,47.225149464,0,0
1515688784017,-1.630428843,47.225154203,0,0
1515688784174,-1.630434072,47.225161996,0,0
1515688784321,-1.630429635,47.225166483,0,0
1515688785465,-1.630429635,47.225166483,0,0
1515688785612,-1.630434384,47.225173026,0,0
1515688785769,-1.630427408,47.225178251,0,0
1515688785929,-1.630431052,47.225187862,0,0
1515688787090,-1.630431052,47.225187862,0,2
1515688787240,-1.630427290,47.225189794,0,0
1515688787395,-1.630433546,47.225190049,0,0
1515688787544,-1.630426485,47.225192059,0,0
1515688788714,-1.630426485,47.225192059,0,0
1515688788869,-1.630431308,47.225197728,0,0
1515688789055,-1.630424029,47.225200950,0,0
1515688789203,-1.630427683,47.225208292,0,0
1515688789366,-1.630420484,47.225211908,0,0
1515688790339,-1.630420484,47.225211908,0,0
1515688790487,-1.630422892,47.225218030,0,0
1515688790640,-1.630415764,47.225222603,0,0
1515688790806,-1.630420211,47.225230680,0,0
1515688791964,-1.630420211,47.225230680,0,0
1515688792112,-1.630413255,47.225235262,0,0
1515688792268,-1.630416618,47.225242424,0,0
1515688792418,-1.630407968,47.225245993,0,0
1515688793589,-1.630407968,47.225245993,0,0
1515688793752,-1.630409899,47.225253377,0,0
1515688793906,-1.630402298,47.225257901,0,0
1515688794055,-1.630403596,47.225265038,0,0
1515688795214,-1.630403596,47.225265038,0,0
1515688795362,-1.630395037,47.225268688,0,0
1515688795529,-1.630398768,47.225276048,0,0
1515688795689,-1.630391601,47.225279654,0,0
1515688795842,-1.630392500,47.225287216,0,0
1515688796838,-1.630392500,47.225287216,0,0
1515688796993,-1.630385172,47.225291085,0,0
1515688797148,-1.630388801,47.225298457,0,0
1515688797299,-1.630382468,47.225302379,0,0
1515688798463,-1.630382468,47.225302379,0,0
1515688798629,-1.630385779,47.225310156,0,0
1515688798788,-1.630377628,47.225314425,0,0
1515688798939,-1.630380011,47.225322335,0,0
1515688800087,-1.630380011,47.225322335,0,0
1515688800237,-1.630373316,47.225326526,0,0
1515688800397,-1.630373669,47.225334063,0,0
1515688800561,-1.630364526,47.225337357,0,0
1515688801711,-1.630364526,47.225337357,0,0
1515688801860,-1.630365881,47.225345328,0,0
1515688802015,-1.630359201,47.225349170,0,0
1515688802161,-1.630362661,47.225356788,0,0
1515688802319,-1.630353618,47.225360315,0,0
1515688803345,-1.630353618,47.225360315,0,0
1515688803502,-1.630355653,47.225367424,0,0
1515688803659,-1.630348988,47.225370595,0,0
1515688803807,-1.630350864,47.225378435,0,0
1515688804961,-1.630350864,47.225378435,0,0
1515688805108,-1.630342913,47.225381356,0,0
1515688805265,-1.630343663,47.225388184,0,0
1515688805426,-1.630335517,47.225392284,0,0
1515688806585,-1.630335517,47.225392284,0,0
1515688806734,-1.630336436,47.225400225,0,0
1515688806888,-1.630328507,47.225402585,0,0
1515688807036,-1.630330830,47.225410675,0,0
1515688807184,-1.630323977,47.225416075,0,0
1515688808210,-1.630323977,47.225416075,0,3
1515688808369,-1.630327750,47.225420980,0,0
1515688808527,-1.630321791,47.225421888,0,0
1515688808677,-1.630331422,47.225427068,0,0
1515688809840,-1.630331422,47.225427068,0,0
1515688809989,-1.630326511,47.225429163,0,0
1515688810144,-1.630330883,47.225435513,0,0
1515688810316,-1.630323752,47.225436331,0,0
1515688811459,-1.630323752,47.225436331,0,0
1515688811615,-1.630325306,47.225443259,0,0
1515688811770,-1.630316752,47.225445692,0,0
1515688811920,-1.630315731,47.225453202,0,0
1515688813091,-1.630315731,47.225453202,0,0
1515688813262,-1.630306374,47.225455130,0,0
1515688813417,-1.630305648,47.225460451,0,0
1515688813567,-1.630296411,47.225463382,0,0
1515688814708,-1.630296411,47.225463382,0,0
1515688814860,-1.630299184,47.225468548,0,0
1515688815015,-1.630292900,47.225470754,0,0
1515688815176,-1.630294295,47.225476215,0,0
1515688816333,-1.630294295,47.225476215,0,0
1515688816483,-1.630282852,47.225479504,0,0
1515688816639,-1.630280617,47.225484577,0,0
1515688816790,-1.630272422,47.225492247,0,0
1515688817905,-1.630272422,47.225492247,0,4
1515688818063,-1.630280300,47.225499254,0,0
1515688818222,-1.630277968,47.225504589,0,0
1515688818373,-1.630288279,47.225505673,0,0
1515688819520,-1.630288279,47.225505673,0,0
1515688819670,-1.630289540,47.225512590,0,0
1515688819833,-1.630300803,47.225511383,0,0
1515688819990,-1.630302790,47.225517938,0,0
1515688821145,-1.630302790,47.225517938,0,0
1515688821296,-1.630311786,47.225516027,0,0
1515688821459,-1.630312142,47.225524673,0,0
1515688821612,-1.630319413,47.225521502,0,0
1515688822769,-1.630319413,47.225521502,0,0
1515688822921,-1.630319904,47.225528404,0,0
1515688823084,-1.630330475,47.225527005,0,0
1515688824394,-1.630330475,47.225527005,0,0
1515688824552,-1.630332937,47.225533767,0,0
1515688824714,-1.630347620,47.225532960,0,0
1515688824872,-1.630350574,47.225540168,0,0
1515688826019,-1.630350574,47.225540168,0,0
1515688826167,-1.630360434,47.225541278,0,0
1515688826326,-1.630363224,47.225550623,0,0
1515688827644,-1.630363224,47.225550623,0,0
1515688827797,-1.630367886,47.225557712,0,0
1515688829268,-1.630367886,47.225557712,0,0
1515688829418,-1.630372126,47.225556367,0,0
1515688830892,-1.630372126,47.225556367,0,0
1515688832517,-1.630372126,47.225556367,0,0
1515688834142,-1.630372126,47.225556367,0,0
1515688835766,-1.630372126,47.225556367,0,0
1515688835938,-1.630374394,47.225556968,0,0
1515688836097,-1.630386202,47.225562082,0,0
1515688836262,-1.630398897,47.225556833,0,0
1515688837329,-1.630398897,47.225556833,0,5
1515688837484,-1.630402435,47.225562238,0,0
1515688837641,-1.630410523,47.225559061,0,0
1515688837792,-1.630411184,47.225563442,0,0
1515688838954,-1.630411184,47.225563442,0,0
1515688839123,-1.630421532,47.225564984,0,0
1515688839280,-1.630420161,47.225571620,0,0
1515688839430,-1.630428654,47.225574964,0,0
1515688840578,-1.630428654,47.225574964,0,0
1515688840732,-1.630426378,47.225581407,0,0
1515688840893,-1.630437273,47.225584592,0,0
1515688841047,-1.630436068,47.225589832,0,0
1515688842203,-1.630436068,47.225589832,0,0
1515688842357,-1.630445087,47.225593609,0,0
1515688842521,-1.630440421,47.225599887,0,0
1515688842671,-1.630448143,47.225604937,0,0
1515688843827,-1.630448143,47.225604937,0,0
1515688843985,-1.630444104,47.225610159,0,0
1515688844147,-1.630451591,47.225615714,0,0
1515688844297,-1.630445706,47.225621652,0,0
1515688845453,-1.630445706,47.225621652,0,0
1515688845607,-1.630452742,47.225626197,0,0
1515688845764,-1.630448030,47.225633129,0,0
1515688845927,-1.630457202,47.225637568,0,0
1515688847077,-1.630457202,47.225637568,0,0
1515688847229,-1.630453839,47.225644649,0,0
1515688847393,-1.630466313,47.225648675,0,0
1515688847544,-1.630466650,47.225654007,0,0
1515688848702,-1.630466650,47.225654007,0,0
1515688848853,-1.630460660,47.225655975,0,0
1515688849064,-1.630463824,47.225663043,0,0
1515688850233,-1.630463824,47.225663043,0,0
1515688850385,-1.630460185,47.225668914,0,0
1515688850631,-1.630474514,47.225669536,0,0
1515688850787,-1.630477900,47.225674271,0,0
1515688851857,-1.630477900,47.225674271,0,6
1515688852011,-1.630495939,47.225672950,0,0
1515688852169,-1.630497107,47.225675338,0,0
1515688852349,-1.630502364,47.225681154,0,0
1515688853481,-1.630502364,47.225681154,0,0
1515688853635,-1.630494645,47.225684529,0,0
1515688853794,-1.630498500,47.225690876,0,0
1515688853956,-1.630492406,47.225692530,0,0
1515688855107,-1.630492406,47.225692530,0,0
1515688855257,-1.630498273,47.225699643,0,0
1515688855470,-1.630492807,47.225702247,0,0
1515688855704,-1.630498272,47.225708326,0,0
1515688856637,-1.630498272,47.225708326,0,0
1515688856809,-1.630492732,47.225708560,0,0
1515688857176,-1.630495794,47.225715758,0,0
1515688857484,-1.630490536,47.225716079,0,0
1515688858262,-1.630490536,47.225716079,0,7
1515688858411,-1.630494642,47.225720977,0,0
1515688858617,-1.630489930,47.225723127,0,0
1515688858925,-1.630493983,47.225729272,0,0
1515688859886,-1.630493983,47.225729272,0,0
1515688860039,-1.630487629,47.225731998,0,0
1515688860383,-1.630492735,47.225738323,0,0
1515688860804,-1.630489385,47.225742247,0,0
1515688861511,-1.630489385,47.225742247,0,0
1515688861660,-1.630495340,47.225748333,0,0
1515688861993,-1.630493731,47.225752894,0,0
1515688862403,-1.630499940,47.225760518,0,0
1515688863136,-1.630499940,47.225760518,0,0
1515688863280,-1.630496799,47.225765902,0,0
1515688863724,-1.630500630,47.225772585,0,0
1515688864171,-1.630495203,47.225775821,0,0
1515688864760,-1.630495203,47.225775821,0,0
1515688864915,-1.630498279,47.225783071,0,0
1515688865231,-1.630493471,47.225788490,0,0
1515688865595,-1.630497734,47.225796176,0,0
1515688866385,-1.630497734,47.225796176,0,0
1515688866536,-1.630493038,47.225801233,0,0
1515688866891,-1.630495700,47.225809213,0,0
1515688867287,-1.630489579,47.225814260,0,0
1515688867963,-1.630489579,47.225814260,0,8
1515688868112,-1.630492636,47.225823923,0,0
1515688868631,-1.630486997,47.225831178,0,0
1515688869587,-1.630486997,47.225831178,0,0
1515688869737,-1.630491184,47.225838089,0,0
1515688870165,-1.630483370,47.225841967,0,0
1515688870338,-1.630481869,47.225850023,0,0
1515688871212,-1.630481869,47.225850023,0,0
1515688871364,-1.630474650,47.225853146,0,0
1515688871656,-1.630475372,47.225861258,0,0
1515688871915,-1.630468467,47.225865882,0,0
1515688872836,-1.630468467,47.225865882,0,0
1515688872990,-1.630469328,47.225875536,0,0
1515688873307,-1.630461784,47.225879158,0,0
1515688873510,-1.630462478,47.225886686,0,0
1515688874540,-1.630462478,47.225886686,0,9
1515688874693,-1.630455464,47.225889973,0,0
1515688874937,-1.630455278,47.225898933,0,0
1515688875170,-1.630446650,47.225903560,0,0
1515688876164,-1.630446650,47.225903560,0,0
1515688876329,-1.630448810,47.225911580,0,0
1515688876516,-1.630440565,47.225916452,0,0
1515688876824,-1.630442792,47.225922666,0,0
1515688877790,-1.630442792,47.225922666,0,0
1515688877946,-1.630442557,47.225930605,0,0
1515688878261,-1.630448941,47.225932902,0,0
1515688879088,-1.630450144,47.225940892,0,0
1515688881037,-1.630450144,47.225940892,0,0
1515688881176,-1.630454848,47.225951733,0,0
1515688882561,-1.630452108,47.225960338,0,0
1515688882871,-1.630456190,47.225974455,0,0
1515688884280,-1.630455195,47.225987758,0,0
1515688885037,-1.630458915,47.226005473,0,0
1515688886462,-1.630460078,47.226022199,0,0
1515688887569,-1.630460078,47.226022199,0,10
1515688887714,-1.630470558,47.226024352,0,0
1515688888736,-1.630479118,47.226028654,0,0
1515688888962,-1.630491338,47.226024139,0,0
1515688889607,-1.630496024,47.226028486,0,0
1515688889813,-1.630505071,47.226026102,0,0
1515688890070,-1.630504269,47.226032352,0,0
1515688890223,-1.630514657,47.226032562,0,0
1515688890416,-1.630514311,47.226040716,0,0
1515688890614,-1.630522550,47.226041848,0,0
1515688890799,-1.630526161,47.226049455,0,0
1515688890964,-1.630536692,47.226047217,0,0
1515688891115,-1.630541392,47.226053691,0,0
1515688892443,-1.630541392,47.226053691,0,0
1515688892615,-1.630551558,47.226050138,0,0
1515688892783,-1.630554211,47.226056237,0,0
1515688892936,-1.630567305,47.226053451,0,0
1515688893095,-1.630566387,47.226060370,0,0
1515688893252,-1.630577919,47.226058319,0,0
1515688893412,-1.630583307,47.226064758,0,0
1515688893587,-1.630593435,47.226063046,0,0
1515688893746,-1.630600016,47.226068490,0,0
1515688893988,-1.630600016,47.226068490,0,11
1515688894147,-1.630612530,47.226064842,0,0
1515688894315,-1.630622085,47.226070720,0,0
1515688894523,-1.630632047,47.226066030,0,0
1515688895613,-1.630632047,47.226066030,0,0
1515688895767,-1.630643647,47.226070139,0,0
1515688895958,-1.630654026,47.226063352,0,0
1515688896153,-1.630661535,47.226068361,0,0
1515688897237,-1.630661535,47.226068361,0,0
1515688897406,-1.630669391,47.226064023,0,0
1515688897575,-1.630678281,47.226067666,0,0
1515688898862,-1.630678281,47.226067666,0,0
1515688899016,-1.630688753,47.226064379,0,0
1515688899198,-1.630702210,47.226069533,0,0
1515688899494,-1.630703975,47.226063622,0,0
1515688900518,-1.630703975,47.226063622,0,12
1515688900671,-1.630712887,47.226060754,0,0
1515688900877,-1.630714783,47.226053509,0,0
1515688901033,-1.630723458,47.226050466,0,0
1515688902143,-1.630723458,47.226050466,0,0
1515688902317,-1.630720260,47.226042807,0,0
1515688902476,-1.630730428,47.226039855,0,0
1515688902736,-1.630725072,47.226033702,0,0
1515688903768,-1.630725072,47.226033702,0,0
1515688903920,-1.630734535,47.226032209,0,0
1515688904131,-1.630729976,47.226022760,0,0
1515688904311,-1.630738379,47.226022407,0,0
1515688905392,-1.630738379,47.226022407,0,0
1515688905546,-1.630740403,47.226013651,0,0
1515688905700,-1.630747740,47.226013227,0,0
1515688907048,-1.630747740,47.226013227,0,13
1515688907231,-1.630751862,47.226004686,0,0
1515688907411,-1.630760290,47.226002685,0,0
1515688908275,-1.630761569,47.225995019,0,0
1515688908672,-1.630761569,47.225995019,0,0
1515688908804,-1.630772213,47.225992912,0,0
1515688909891,-1.630769932,47.225986756,0,0
1515688910046,-1.630782056,47.225984051,0,0
1515688911922,-1.630782056,47.225984051,0,0
1515688912076,-1.630779733,47.225977677,0,0
1515688912251,-1.630788128,47.225972755,0,0
1515688912453,-1.630782459,47.225966068,0,0
1515688912613,-1.630791345,47.225961555,0,0
1515688912787,-1.630786651,47.225953259,0,0
1515688912942,-1.630793288,47.225948832,0,0
1515688913547,-1.630793288,47.225948832,0,0
1515688913702,-1.630786774,47.225941076,0,0
1515688913859,-1.630795135,47.225935749,0,0
1515688914014,-1.630791580,47.225929093,0,0
1515688915187,-1.630791580,47.225929093,0,14
1515688915338,-1.630797997,47.225924841,0,0
1515688915509,-1.630792572,47.225918698,0,0
1515688916812,-1.630792572,47.225918698,0,0
1515688916983,-1.630799565,47.225914814,0,0
1515688917180,-1.630793730,47.225907643,0,0
1515688917357,-1.630800783,47.225901683,0,0
1515688918437,-1.630800783,47.225901683,0,0
1515688918599,-1.630794954,47.225895993,0,0
1515688918806,-1.630802097,47.225892377,0,0
1515688919096,-1.630797997,47.225884043,0,0
1515688919966,-1.630797997,47.225884043,0,15
1515688920119,-1.630804486,47.225881566,0,0
1515688920477,-1.630798788,47.225874754,0,0
1515688921591,-1.630798788,47.225874754,0,0
1515688921744,-1.630805614,47.225875007,0,0
1515688921974,-1.630798940,47.225869140,0,0
1515688922165,-1.630806890,47.225864573,0,0
1515688923216,-1.630806890,47.225864573,0,0
1515688923374,-1.630803947,47.225857596,0,0
1515688923646,-1.630812788,47.225853359,0,0
1515688924028,-1.630808328,47.225845336,0,0
1515688924841,-1.630808328,47.225845336,0,0
1515688924993,-1.630815623,47.225842709,0,0
1515688925293,-1.630810401,47.225834261,0,0
1515688925506,-1.630818459,47.225831657,0,0
1515688926467,-1.630818459,47.225831657,0,0
1515688926620,-1.630814136,47.225822701,0,0
1515688926851,-1.630821352,47.225818906,0,0
1515688927148,-1.630818938,47.225810976,0,0
1515688928091,-1.630818938,47.225810976,0,0
1515688928247,-1.630826685,47.225806387,0,0
1515688928711,-1.630823376,47.225798869,0,0
1515688928908,-1.630830662,47.225793397,0,0
1515688929669,-1.630830662,47.225793397,0,16
1515688929831,-1.630817767,47.225786775,0,0
1515688930078,-1.630821058,47.225783375,0,0
1515688930232,-1.630813491,47.225779756,0,0
1515688931295,-1.630813491,47.225779756,0,0
1515688931446,-1.630820944,47.225775269,0,0
1515688931638,-1.630813978,47.225770061,0,0
1515688931878,-1.630823671,47.225766775,0,0
1515688932917,-1.630823671,47.225766775,0,0
1515688933074,-1.630821418,47.225761163,0,0
1515688933233,-1.630831067,47.225756710,0,0
1515688933384,-1.630825722,47.225751125,0,0
1515688934543,-1.630825722,47.225751125,0,0
1515688934710,-1.630831478,47.225745931,0,0
1515688934875,-1.630823476,47.225739306,0,0
1515688936167,-1.630823476,47.225739306,0,0
1515688936323,-1.630830032,47.225735573,0,0
1515688936494,-1.630823991,47.225728863,0,0
1515688936722,-1.630831630,47.225724600,0,0
1515688937800,-1.630831630,47.225724600,0,0
1515688937953,-1.630825319,47.225717513,0,0
1515688938132,-1.630832486,47.225712385,0,0
1515688938287,-1.630826879,47.225702660,0,0
1515688939417,-1.630826879,47.225702660,0,0
1515688939591,-1.630835699,47.225697504,0,0
1515688939755,-1.630833920,47.225694773,0,0
1515688941126,-1.630833920,47.225694773,0,17
1515688941281,-1.630830632,47.225694781,0,0
1515688941449,-1.630820983,47.225694777,0,0
1515688941639,-1.630825123,47.225690855,0,0
1515688942743,-1.630825123,47.225690855,0,0
1515688942900,-1.630816629,47.225687046,0,0
1515688943060,-1.630824620,47.225682666,0,0
1515688943218,-1.630820278,47.225676040,0,0
1515688944369,-1.630820278,47.225676040,0,0
1515688944525,-1.630828764,47.225671712,0,0
1515688944687,-1.630819593,47.225665412,0,0
1515688944840,-1.630828350,47.225661873,0,0
1515688945993,-1.630828350,47.225661873,0,0
1515688946150,-1.630820939,47.225657251,0,0
1515688946316,-1.630826120,47.225649409,0,0
1515688946485,-1.630817209,47.225642589,0,0
1515688947617,-1.630817209,47.225642589,0,0
1515688947769,-1.630820716,47.225636943,0,0
1515688947932,-1.630811107,47.225630596,0,0
1515688948084,-1.630815805,47.225625468,0,0
1515688949242,-1.630815805,47.225625468,0,0
1515688949417,-1.630806519,47.225619320,0,0
1515688949578,-1.630814222,47.225614124,0,0
1515688949741,-1.630805992,47.225606419,0,0
1515688950868,-1.630805992,47.225606419,0,0
1515688951018,-1.630812930,47.225601855,0,0
1515688951183,-1.630804049,47.225594204,0,0
1515688952397,-1.630804049,47.225594204,0,18
1515688952552,-1.630808939,47.225594058,0,0
1515688952713,-1.630801171,47.225589676,0,0
1515688952869,-1.630807831,47.225584895,0,0
1515688954022,-1.630807831,47.225584895,0,0
1515688954173,-1.630804608,47.225579370,0,0
1515688954341,-1.630813146,47.225576173,0,0
1515688954540,-1.630807619,47.225569973,0,0
1515688955647,-1.630807619,47.225569973,0,0
1515688955804,-1.630814955,47.225567425,0,0
1515688956003,-1.630810079,47.225558771,0,0
1515688956176,-1.630815824,47.225556663,0,0
1515688957272,-1.630815824,47.225556663,0,0
1515688957439,-1.630816978,47.225547899,0,0
1515688957653,-1.630824403,47.225546407,0,0
1515688957988,-1.630823990,47.225537480,0,0
1515688958896,-1.630823990,47.225537480,0,0
1515688959051,-1.630830643,47.225536357,0,0
1515688959456,-1.630830997,47.225528565,0,0
1515688959727,-1.630836004,47.225525432,0,0
1515688960490,-1.630836004,47.225525432,0,0
1515688960645,-1.630834353,47.225515756,0,0
1515688960851,-1.630836688,47.225510697,0,0
1515688961533,-1.630831893,47.225504812,0,0
1515688962115,-1.630831893,47.225504812,0,19
1515688962266,-1.630836338,47.225502357,0,0
1515688962586,-1.630829659,47.225497028,0,0
1515688963739,-1.630829659,47.225497028,0,0
1515688963889,-1.630835042,47.225491652,0,0
1515688964355,-1.630827876,47.225483893,0,0
1515688964511,-1.630834077,47.225478629,0,0
1515688965366,-1.630834077,47.225478629,0,0
1515688965524,-1.630830101,47.225474513,0,0
1515688965684,-1.630837121,47.225469398,0,0
1515688966053,-1.630831672,47.225463666,0,0
1515688966988,-1.630831672,47.225463666,0,0
1515688967175,-1.630838240,47.225459039,0,0
1515688967405,-1.630832164,47.225452461,0,0
1515688967573,-1.630841439,47.225445815,0,0
1515688968612,-1.630841439,47.225445815,0,0
1515688968765,-1.630832204,47.225439724,0,0
1515688968961,-1.630837933,47.225436806,0,0
1515688969175,-1.630835611,47.225429562,0,0
1515688970266,-1.630835611,47.225429562,0,0
1515688970442,-1.630844163,47.225426059,0,0
1515688970702,-1.630841032,47.225421349,0,0
1515688970884,-1.630851051,47.225416217,0,0
1515688971888,-1.630851051,47.225416217,0,0
1515688972110,-1.630848982,47.225410041,0,0
1515688972282,-1.630856407,47.225405322,0,0
1515688972839,-1.630852907,47.225397861,0,0
1515688973515,-1.630852907,47.225397861,0,0
1515688973690,-1.630860984,47.225396116,0,0
1515688974144,-1.630858460,47.225390405,0,0
1515688975144,-1.630858460,47.225390405,0,0
1515688975295,-1.630865908,47.225384894,0,0
1515688975627,-1.630860924,47.225378130,0,0
1515688975786,-1.630868001,47.225373543,0,0
1515688976689,-1.630868001,47.225373543,0,0
1515688976846,-1.630862546,47.225364418,0,0
1515688977067,-1.630871729,47.225360006,0,0
1515688977258,-1.630868558,47.225351790,0,0
1515688978339,-1.630868558,47.225351790,0,20
1515688978514,-1.630875802,47.225348942,0,0
1515688978714,-1.630871877,47.225341985,0,0
1515688978931,-1.630882527,47.225338180,0,0
1515688979965,-1.630882527,47.225338180,0,0
1515688980148,-1.630879852,47.225330359,0,0
1515688980323,-1.630887470,47.225325596,0,0
1515688981586,-1.630887470,47.225325596,0,0
1515688981765,-1.630880334,47.225319349,0,0
1515688981982,-1.630885966,47.225316751,0,0
1515688982186,-1.630885231,47.225307485,0,0
1515688983212,-1.630885231,47.225307485,0,0
1515688983389,-1.630893685,47.225303935,0,0
1515688983643,-1.630892948,47.225294325,0,0
1515688983834,-1.630900176,47.225291770,0,0
1515688984757,-1.630900176,47.225291770,0,0
1515688984937,-1.630898769,47.225281191,0,0
1515688985154,-1.630904822,47.225277427,0,0
1515688985505,-1.630901974,47.225268424,0,0
1515688986384,-1.630901974,47.225268424,0,21
1515688986562,-1.630909375,47.225269442,0,0
1515688987403,-1.630905520,47.225262135,0,0
1515688987583,-1.630915733,47.225257915,0,0
1515688988013,-1.630915733,47.225257915,0,0
1515688988194,-1.630911582,47.225251777,0,0
1515688988374,-1.630920228,47.225247522,0,0
1515688988693,-1.630913331,47.225240875,0,0
1515688989631,-1.630913331,47.225240875,0,0
1515688989809,-1.630921545,47.225237178,0,0
1515688989994,-1.630916370,47.225228723,0,0
1515688990183,-1.630923803,47.225224635,0,0
1515688991256,-1.630923803,47.225224635,0,0
1515688991434,-1.630919443,47.225218639,0,0
1515688991717,-1.630925149,47.225214250,0,0
1515688991909,-1.630920438,47.225208177,0,0
1515688992881,-1.630920438,47.225208177,0,0
1515688993062,-1.630930122,47.225203910,0,0
1515688993241,-1.630924947,47.225196898,0,0
1515688993487,-1.630932311,47.225193713,0,0
1515688994508,-1.630932311,47.225193713,0,0
1515688994686,-1.630928866,47.225187097,0,0
1515688994882,-1.630937617,47.225183924,0,0
1515688995063,-1.630931214,47.225177044,0,0
1515688996131,-1.630931214,47.225177044,0,0
1515688996284,-1.630941434,47.225171210,0,0
1515688996464,-1.630937235,47.225163556,0,0
1515688996670,-1.630942184,47.225158309,0,0
1515688997733,-1.630942184,47.225158309,0,0
1515688997883,-1.630934486,47.225153787,0,0
1515688998236,-1.630939637,47.225147978,0,0
1515688998440,-1.630931871,47.225147451,0,0
1515688999356,-1.630931871,47.225147451,0,0
1515688999513,-1.630941446,47.225143949,0,0
1515688999678,-1.630938362,47.225136549,0,0
1515688999830,-1.630947677,47.225129545,0,0
1515689000982,-1.630947677,47.225129545,0,0
1515689001145,-1.630940513,47.225124332,0,0
1515689001628,-1.630943042,47.225118921,0,0
1515689002557,-1.630943042,47.225118921,0,22
1515689002705,-1.630934215,47.225115805,0,0
1515689003486,-1.630935137,47.225110289,0,0
1515689003667,-1.630929361,47.225106850,0,0
1515689005809,-1.630929361,47.225106850,0,0
1515689005965,-1.630931366,47.225107276,0,0
1515689006138,-1.630927880,47.225104348,0,0
1515689006607,-1.630937402,47.225099584,0,0
1515689006768,-1.630935249,47.225092264,0,0
1515689006937,-1.630946658,47.225087508,0,0
1515689007432,-1.630946658,47.225087508,0,0
1515689007591,-1.630943965,47.225080180,0,0
1515689007761,-1.630950295,47.225075733,0,0
1515689007936,-1.630943891,47.225069300,0,0
1515689009073,-1.630943891,47.225069300,0,0
1515689009233,-1.630950747,47.225065103,0,0
1515689009393,-1.630945426,47.225060228,0,0
1515689010043,-1.630951428,47.225057565,0,0
1515689010702,-1.630951428,47.225057565,0,0
1515689010858,-1.630948302,47.225050051,0,0
1515689011585,-1.630957526,47.225045460,0,0
1515689011773,-1.630956094,47.225035029,0,0
1515689012323,-1.630956094,47.225035029,0,23
1515689012476,-1.630965449,47.225031687,0,0
1515689012637,-1.630960810,47.225022606,0,0
1515689013948,-1.630960810,47.225022606,0,0
1515689014108,-1.630968334,47.225017444,0,0
1515689014251,-1.630965280,47.225010442,0,0
1515689015140,-1.630975221,47.225007532,0,0
1515689015573,-1.630975221,47.225007532,0,0
1515689015758,-1.630974639,47.225001268,0,0
1515689015924,-1.630983630,47.224999363,0,0
1515689016099,-1.630985150,47.224989137,0,0
1515689017198,-1.630985150,47.224989137,0,0
1515689017352,-1.630994142,47.224986145,0,0
1515689017514,-1.630993792,47.224976303,0,0
1515689017670,-1.631002723,47.224973103,0,0
1515689018821,-1.631002723,47.224973103,0,0
1515689019016,-1.630999661,47.224965247,0,0
1515689019173,-1.631009507,47.224962910,0,0
1515689019384,-1.631007456,47.224956060,0,0
1515689020445,-1.631007456,47.224956060,0,0
1515689020598,-1.631017622,47.224953180,0,0
1515689020761,-1.631014953,47.224945657,0,0
1515689020943,-1.631024627,47.224942225,0,0
1515689022070,-1.631024627,47.224942225,0,0
1515689022227,-1.631022004,47.224934905,0,0
1515689022392,-1.631030302,47.224930675,0,0
1515689022553,-1.631029191,47.224922724,0,0
1515689023715,-1.631029191,47.224922724,0,24
1515689023876,-1.631037468,47.224920517,0,0
1515689024037,-1.631030002,47.224913246,0,0
1515689024217,-1.631036582,47.224910024,0,0
1515689025334,-1.631036582,47.224910024,0,0
1515689025491,-1.631032624,47.224902894,0,0
1515689025667,-1.631041224,47.224902055,0,0
1515689025848,-1.631039424,47.224895807,0,0
1515689026958,-1.631039424,47.224895807,0,0
1515689027118,-1.631049710,47.224895094,0,0
1515689027280,-1.631048274,47.224886092,0,0
1515689027436,-1.631057428,47.224883570,0,0
1515689028584,-1.631057428,47.224883570,0,0
1515689028742,-1.631054271,47.224876502,0,0
1515689028904,-1.631063791,47.224874313,0,0
1515689029061,-1.631062288,47.224866259,0,0
1515689030209,-1.631062288,47.224866259,0,0
1515689030373,-1.631072003,47.224863750,0,0
1515689030534,-1.631071673,47.224854957,0,0
1515689030715,-1.631082553,47.224851725,0,0
1515689031833,-1.631082553,47.224851725,0,0
1515689031993,-1.631082538,47.224844278,0,0
1515689032157,-1.631090934,47.224841571,0,0
1515689032313,-1.631088985,47.224834547,0,0
1515689033458,-1.631088985,47.224834547,0,0
1515689033654,-1.631096808,47.224831250,0,0
1515689033809,-1.631094747,47.224823412,0,0
1515689033967,-1.631102424,47.224820980,0,0
1515689035084,-1.631102424,47.224820980,0,0
1515689035239,-1.631101486,47.224813110,0,0
1515689035400,-1.631107983,47.224810938,0,0
1515689035587,-1.631106608,47.224803530,0,0
1515689036708,-1.631106608,47.224803530,0,0
1515689036861,-1.631115908,47.224802387,0,0
1515689037033,-1.631113781,47.224796565,0,0
1515689037196,-1.631120999,47.224795728,0,0
1515689038333,-1.631120999,47.224795728,0,0
1515689038498,-1.631121430,47.224788540,0,0
1515689038673,-1.631132153,47.224787065,0,0
1515689038853,-1.631132888,47.224777587,0,0
1515689039909,-1.631132888,47.224777587,0,25
1515689040066,-1.631141114,47.224775541,0,0
1515689040291,-1.631138860,47.224768426,0,0
1515689041531,-1.631138860,47.224768426,0,0
1515689041681,-1.631146919,47.224766120,0,0
1515689041948,-1.631143080,47.224759299,0,0
1515689042100,-1.631149572,47.224757944,0,0
1515689043155,-1.631149572,47.224757944,0,0
1515689043305,-1.631146762,47.224751085,0,0
1515689043493,-1.631154759,47.224751052,0,0
1515689043774,-1.631154465,47.224744720,0,0
1515689044781,-1.631154465,47.224744720,0,0
1515689044932,-1.631160034,47.224745592,0,0
1515689045269,-1.631159126,47.224740111,0,0
1515689045476,-1.631165078,47.224738338,0,0
1515689046406,-1.631165078,47.224738338,0,0
1515689046572,-1.631162155,47.224731290,0,0
1515689046736,-1.631168878,47.224729305,0,0
1515689047157,-1.631166636,47.224720912,0,0
1515689048029,-1.631166636,47.224720912,0,0
1515689048179,-1.631170786,47.224719036,0,0
1515689048731,-1.631163840,47.224710905,0,0
1515689048915,-1.631171373,47.224709594,0,0
1515689049655,-1.631171373,47.224709594,0,0
1515689049809,-1.631169976,47.224702713,0,0
1515689050051,-1.631175131,47.224704841,0,0
1515689051201,-1.631175131,47.224704841,0,26
1515689051360,-1.631172775,47.224703243,0,0
1515689052827,-1.631172775,47.224703243,0,0
1515689054453,-1.631172775,47.224703243,0,0
1515689056076,-1.631172775,47.224703243,0,0
1515689057702,-1.631172775,47.224703243,0,0
1515689059327,-1.631172775,47.224703243,0,0
1515689060953,-1.631172775,47.224703243,0,0
1515689062576,-1.631172775,47.224703243,0,0
1515689064200,-1.631172775,47.224703243,0,0
1515689065825,-1.631172775,47.224703243,0,0
1515689067449,-1.631172775,47.224703243,0,0
1515689067655,-1.631169558,47.224699823,0,0
1515689067827,-1.631168199,47.224691716,0,0
1515689067995,-1.631176493,47.224688768,0,0
1515689069072,-1.631176493,47.224688768,0,0
1515689069261,-1.631174545,47.224678662,0,0
1515689069448,-1.631181039,47.224676801,0,0
1515689070537,-1.631178056,47.224668882,0,0
1515689070698,-1.631178056,47.224668882,0,0
1515689070848,-1.631182958,47.224666006,0,0
1515689071797,-1.631175408,47.224659848,0,0
1515689071988,-1.631182196,47.224655819,0,0
1515689072322,-1.631182196,47.224655819,0,0
1515689072475,-1.631180261,47.224647686,0,0
1515689072701,-1.631186126,47.224644950,0,0
1515689073342,-1.631182993,47.224639332,0,0
1515689073959,-1.631182993,47.224639332,0,0
1515689074127,-1.631187573,47.224634080,0,0
1515689074808,-1.631184313,47.224628550,0,0
1515689074992,-1.631192057,47.224625532,0,0
1515689075602,-1.631192057,47.224625532,0,0
1515689075766,-1.631188684,47.224620010,0,0
1515689075936,-1.631197536,47.224613195,0,0
1515689077009,-1.631189128,47.224608817,0,0
1515689077228,-1.631189128,47.224608817,0,0
1515689077389,-1.631199361,47.224602814,0,0
1515689077791,-1.631192097,47.224598144,0,0
1515689077968,-1.631197251,47.224593134,0,0
1515689078849,-1.631197251,47.224593134,0,0
1515689079042,-1.631189081,47.224587446,0,0
1515689079245,-1.631197398,47.224582092,0,0
1515689079434,-1.631193764,47.224575089,0,0
1515689080476,-1.631193764,47.224575089,0,0
1515689080646,-1.631203798,47.224568315,0,0
1515689081038,-1.631200955,47.224561530,0,0
1515689081209,-1.631207180,47.224555906,0,0
1515689082007,-1.631207180,47.224555906,0,27
1515689082175,-1.631200609,47.224550018,0,0
1515689082360,-1.631207301,47.224546328,0,0
1515689082541,-1.631203897,47.224539097,0,0
1515689083633,-1.631203897,47.224539097,0,0
1515689083800,-1.631211663,47.224533540,0,0
1515689084087,-1.631207646,47.224527240,0,0
1515689084269,-1.631217880,47.224523173,0,0
1515689085257,-1.631217880,47.224523173,0,0
1515689085427,-1.631216065,47.224517023,0,0
1515689085606,-1.631226040,47.224509425,0,0
1515689085960,-1.631222646,47.224501847,0,0
1515689086883,-1.631222646,47.224501847,0,0
1515689087074,-1.631231781,47.224498210,0,0
1515689087255,-1.631229848,47.224487630,0,0
1515689087428,-1.631237503,47.224486859,0,0
1515689088509,-1.631237503,47.224486859,0,0
1515689088682,-1.631230504,47.224477515,0,0
1515689088904,-1.631237008,47.224474473,0,0
1515689090115,-1.631237008,47.224474473,0,0
1515689090268,-1.631231308,47.224468655,0,0
1515689090473,-1.631241918,47.224470009,0,0
1515689090636,-1.631246347,47.224460240,0,0
1515689091786,-1.631246347,47.224460240,0,28
1515689091948,-1.631254336,47.224459074,0,0
1515689092242,-1.631242183,47.224455840,0,0
1515689092398,-1.631245197,47.224453204,0,0
1515689093410,-1.631245197,47.224453204,0,0
1515689093565,-1.631237278,47.224451266,0,0
1515689093733,-1.631245449,47.224450129,0,0
1515689093920,-1.631242283,47.224443299,0,0
1515689095035,-1.631242283,47.224443299,0,0
1515689095189,-1.631250921,47.224441000,0,0
1515689095361,-1.631252709,47.224433073,0,0
1515689095512,-1.631263180,47.224432857,0,0
1515689096660,-1.631263180,47.224432857,0,0
1515689096823,-1.631266902,47.224425343,0,0
1515689097007,-1.631274394,47.224433605,0,0
1515689097448,-1.631278065,47.224430919,0,0
1515689098285,-1.631278065,47.224430919,0,0
1515689098431,-1.631285409,47.224435038,0,0
1515689099126,-1.631287005,47.224428299,0,0
1515689099299,-1.631294964,47.224429323,0,0
1515689101534,-1.631294964,47.224429323,0,0
1515689101728,-1.631291716,47.224426555,0,0
1515689101885,-1.631297439,47.224433344,0,0
1515689102548,-1.631296820,47.224427962,0,0
1515689102814,-1.631302390,47.224429976,0,0
1515689103781,-1.631295128,47.224425088,0,0
1515689103935,-1.631298198,47.224418263,0,0
1515689104785,-1.631298198,47.224418263,0,29
1515689104954,-1.631281135,47.224418677,0,0
1515689105116,-1.631282530,47.224411183,0,0
1515689105269,-1.631273579,47.224409500,0,0
1515689105427,-1.631281374,47.224403168,0,0
1515689105583,-1.631272685,47.224404361,0,0
1515689106408,-1.631272685,47.224404361,0,0
1515689106599,-1.631280196,47.224402950,0,0
1515689106758,-1.631274975,47.224397612,0,0
1515689106906,-1.631284261,47.224389498,0,0
1515689108033,-1.631284261,47.224389498,0,0
1515689108189,-1.631275847,47.224384554,0,0
1515689108349,-1.631281466,47.224378716,0,0
1515689108622,-1.631276354,47.224370592,0,0
1515689109658,-1.631276354,47.224370592,0,0
1515689109812,-1.631283708,47.224365715,0,0
1515689110105,-1.631280573,47.224357022,0,0
1515689110293,-1.631288995,47.224354465,0,0
1515689111330,-1.631288995,47.224354465,0,30
1515689111501,-1.631295256,47.224345557,0,0
1515689111724,-1.631305310,47.224343509,0,0
1515689112230,-1.631310759,47.224335943,0,0
1515689112953,-1.631310759,47.224335943,0,0
1515689113099,-1.631321142,47.224333542,0,0
1515689113789,-1.631321365,47.224325406,0,0
1515689113940,-1.631332485,47.224318417,0,0
1515689116202,-1.631332485,47.224318417,0,0
1515689116398,-1.631331665,47.224313292,0,0
1515689116543,-1.631338089,47.224310058,0,0
1515689117304,-1.631336739,47.224302757,0,0
1515689117471,-1.631346130,47.224297157,0,0
1515689118217,-1.631341492,47.224288812,0,0
1515689118423,-1.631350954,47.224285210,0,0
1515689119453,-1.631350954,47.224285210,0,0
1515689119615,-1.631347843,47.224278018,0,0
1515689119775,-1.631356266,47.224273945,0,0
1515689120177,-1.631353200,47.224266848,0,0
1515689120360,-1.631361559,47.224261791,0,0
1515689120878,-1.631356448,47.224255977,0,0
1515689121043,-1.631364292,47.224253236,0,0
1515689122701,-1.631364292,47.224253236,0,0
1515689122855,-1.631361896,47.224246980,0,0
1515689123011,-1.631369505,47.224244079,0,0
1515689123396,-1.631365599,47.224237295,0,0
1515689123558,-1.631372425,47.224234676,0,0
1515689123739,-1.631371020,47.224227547,0,0
1515689123896,-1.631377855,47.224226564,0,0
1515689126012,-1.631377855,47.224226564,0,31
1515689126172,-1.631373863,47.224222931,0,0
1515689126324,-1.631382796,47.224219594,0,0
1515689127162,-1.631378737,47.224212289,0,0
1515689127325,-1.631383595,47.224204486,0,0
1515689127487,-1.631374030,47.224204535,0,0
1515689127648,-1.631378722,47.224202248,0,0
1515689129262,-1.631378722,47.224202248,0,0
1515689129417,-1.631371484,47.224196996,0,0
1515689129579,-1.631379054,47.224195411,0,0
1515689129735,-1.631377341,47.224187590,0,0
1515689129894,-1.631387572,47.224184220,0,0
1515689130048,-1.631385541,47.224176335,0,0
1515689130208,-1.631393446,47.224172129,0,0
1515689130888,-1.631393446,47.224172129,0,0
1515689131043,-1.631391862,47.224164715,0,0
1515689131228,-1.631399088,47.224161564,0,0
1515689131436,-1.631399187,47.224156030,0,0
1515689132511,-1.631399187,47.224156030,0,0
1515689132667,-1.631407232,47.224153010,0,0
1515689132964,-1.631403765,47.224147089,0,0
1515689133116,-1.631411992,47.224141170,0,0
1515689134135,-1.631411992,47.224141170,0,0
1515689134292,-1.631406258,47.224133657,0,0
1515689134451,-1.631414503,47.224126433,0,0
1515689134603,-1.631405519,47.224119837,0,0
1515689135760,-1.631405519,47.224119837,0,0
1515689135914,-1.631411494,47.224114177,0,0
1515689136079,-1.631403283,47.224106711,0,0
1515689136342,-1.631411347,47.224101128,0,0
1515689137432,-1.631411347,47.224101128,0,32
1515689137586,-1.631404024,47.224092716,0,0
1515689137766,-1.631413257,47.224089358,0,0
1515689137930,-1.631407500,47.224087020,0,0
1515689139057,-1.631407500,47.224087020,0,0
1515689139209,-1.631414907,47.224083039,0,0
1515689139369,-1.631410041,47.224074050,0,0
1515689139548,-1.631420194,47.224074030,0,0
1515689140681,-1.631420194,47.224074030,0,0
1515689140836,-1.631424512,47.224066167,0,0
1515689140992,-1.631436772,47.224066001,0,0
1515689141213,-1.631437201,47.224057306,0,0
1515689142321,-1.631437201,47.224057306,0,0
1515689142476,-1.631445637,47.224055362,0,0
1515689142757,-1.631449690,47.224045959,0,0
1515689142902,-1.631456982,47.224042770,0,0
1515689143946,-1.631456982,47.224042770,0,0
1515689144099,-1.631455505,47.224036285,0,0
1515689144253,-1.631464494,47.224031052,0,0
1515689144707,-1.631461771,47.224023766,0,0
1515689145571,-1.631461771,47.224023766,0,0
1515689145724,-1.631470019,47.224019253,0,0
1515689146069,-1.631465360,47.224011269,0,0
1515689146226,-1.631473604,47.224007467,0,0
1515689147258,-1.631473604,47.224007467,0,33
1515689147409,-1.631468296,47.223998530,0,0
1515689147593,-1.631475460,47.223997789,0,0
1515689147755,-1.631472845,47.223992537,0,0
1515689148882,-1.631472845,47.223992537,0,0
1515689149038,-1.631480846,47.223988407,0,0
1515689149237,-1.631473955,47.223983921,0,0
1515689149467,-1.631483091,47.223979976,0,0
1515689150507,-1.631483091,47.223979976,0,0
1515689150657,-1.631479355,47.223976095,0,0
1515689150916,-1.631485772,47.223971239,0,0
1515689151175,-1.631476452,47.223966134,0,0
1515689152131,-1.631476452,47.223966134,0,0
1515689152283,-1.631482036,47.223963011,0,0
1515689152561,-1.631475403,47.223958499,0,0
1515689152770,-1.631476866,47.223952706,0,0
1515689153756,-1.631476866,47.223952706,0,0
1515689153950,-1.631465439,47.223951401,0,0
1515689154241,-1.631464510,47.223946669,0,0
1515689154463,-1.631455455,47.223944081,0,0
1515689155380,-1.631455455,47.223944081,0,0
1515689155534,-1.631456978,47.223939297,0,0
1515689155885,-1.631449741,47.223933302,0,0
1515689156130,-1.631455731,47.223928494,0,0
1515689156913,-1.631455731,47.223928494,0,34
1515689157076,-1.631447909,47.223923018,0,0
1515689157366,-1.631448441,47.223919061,0,0
1515689157799,-1.631442269,47.223916822,0,0
1515689158536,-1.631442269,47.223916822,0,0
1515689158699,-1.631445528,47.223913374,0,0
1515689158996,-1.631437219,47.223912810,0,0
1515689159312,-1.631438113,47.223910157,0,0
1515689160161,-1.631438113,47.223910157,0,0
1515689160311,-1.631428827,47.223907440,0,0
1515689160760,-1.631432743,47.223903482,0,0
1515689160939,-1.631428826,47.223895712,0,0
1515689161789,-1.631428826,47.223895712,0,0
1515689161943,-1.631434855,47.223892039,0,0
1515689162301,-1.631430385,47.223885153,0,0
1515689162570,-1.631435718,47.223882019,0,0
1515689163366,-1.631435718,47.223882019,0,35
1515689163531,-1.631430947,47.223874051,0,0
1515689163881,-1.631438426,47.223870071,0,0
1515689164473,-1.631432299,47.223867614,0,0
1515689164992,-1.631432299,47.223867614,0,0
1515689165143,-1.631436800,47.223863614,0,0
1515689165414,-1.631431863,47.223856463,0,0
1515689166617,-1.631431863,47.223856463,0,0
1515689166776,-1.631439029,47.223854821,0,0
1515689167100,-1.631437386,47.223846756,0,0
1515689167458,-1.631444039,47.223845303,0,0
1515689167908,-1.631443571,47.223836482,0,0
1515689168238,-1.631443571,47.223836482,0,0
1515689168408,-1.631450802,47.223835377,0,0
1515689168982,-1.631455249,47.223826637,0,0
1515689169503,-1.631466405,47.223825444,0,0
1515689171489,-1.631466405,47.223825444,0,0
1515689171645,-1.631471103,47.223814377,0,0
1515689172171,-1.631482758,47.223809865,0,0
1515689172850,-1.631488465,47.223793633,0,0
1515689173512,-1.631499388,47.223790784,0,0
1515689173980,-1.631504313,47.223773402,0,0
1515689174629,-1.631504313,47.223773402,0,36
1515689174786,-1.631512284,47.223772374,0,0
1515689174996,-1.631513496,47.223769411,0,0
1515689176252,-1.631513496,47.223769411,0,0
1515689176418,-1.631516475,47.223769680,0,0
1515689176620,-1.631526208,47.223775567,0,0
1515689177878,-1.631526208,47.223775567,0,0
1515689178035,-1.631538371,47.223771349,0,0
1515689178212,-1.631546747,47.223775487,0,0
1515689178534,-1.631561669,47.223771762,0,0
1515689179503,-1.631561669,47.223771762,0,0
1515689179662,-1.631567553,47.223777227,0,0
1515689179880,-1.631578397,47.223777024,0,0
1515689180070,-1.631577445,47.223784057,0,0
1515689181131,-1.631577445,47.223784057,0,0
1515689181285,-1.631592822,47.223783585,0,0
1515689181545,-1.631595748,47.223784397,0,0
1515689182829,-1.631595748,47.223784397,0,37
1515689182983,-1.631597001,47.223778689,0,0
1515689183147,-1.631592250,47.223779195,0,0
1515689184456,-1.631592250,47.223779195,0,0
1515689186080,-1.631592250,47.223779195,0,0
1515689187703,-1.631592250,47.223779195,0,0
1515689189330,-1.631592250,47.223779195,0,0
1515689190953,-1.631592250,47.223779195,0,0
1515689192578,-1.631592250,47.223779195,0,0
1515689194201,-1.631592250,47.223779195,0,0
1515689195827,-1.631592250,47.223779195,0,0
1515689197450,-1.631592250,47.223779195,0,0
1515689199076,-1.631592250,47.223779195,0,0
1515689200699,-1.631592250,47.223779195,0,0
1515689200900,-1.631595143,47.223778867,0,0
1515689201063,-1.631604245,47.223778580,0,0
1515689202324,-1.631604245,47.223778580,0,0
1515689202480,-1.631613858,47.223771234,0,0
1515689202687,-1.631620867,47.223776600,0,0
1515689203117,-1.631631049,47.223776452,0,0
1515689203966,-1.631631049,47.223776452,0,38
1515689204117,-1.631635081,47.223781224,0,0
1515689204371,-1.631642990,47.223776078,0,0
1515689204540,-1.631651970,47.223777296,0,0
1515689205591,-1.631651970,47.223777296,0,0
1515689205749,-1.631653943,47.223772087,0,0
1515689205909,-1.631665515,47.223776673,0,0
1515689207230,-1.631665515,47.223776673,0,0
1515689207386,-1.631666479,47.223771785,0,0
1515689207545,-1.631679066,47.223767876,0,0
1515689207792,-1.631675632,47.223759519,0,0
1515689208885,-1.631675632,47.223759519,0,0
1515689209041,-1.631684674,47.223756476,0,0
1515689209201,-1.631674750,47.223750765,0,0
1515689209370,-1.631690045,47.223750153,0,0
1515689210511,-1.631690045,47.223750153,0,0
1515689210666,-1.631685037,47.223743751,0,0
1515689210826,-1.631697092,47.223739044,0,0
1515689210977,-1.631693723,47.223732844,0,0
1515689212135,-1.631693723,47.223732844,0,0
1515689212289,-1.631703758,47.223728445,0,0
1515689212457,-1.631697138,47.223721167,0,0
1515689212657,-1.631707234,47.223717554,0,0
1515689213760,-1.631707234,47.223717554,0,0
1515689213915,-1.631701376,47.223710642,0,0
1515689214109,-1.631712447,47.223707683,0,0
1515689214261,-1.631705218,47.223700184,0,0
1515689215383,-1.631705218,47.223700184,0,0
1515689215555,-1.631716780,47.223696555,0,0
1515689215717,-1.631711890,47.223688334,0,0
1515689215832,-1.631723375,47.223683257,1,0
1515689217008,-1.631723375,47.223683257,1,0
1515689217083,-1.631719871,47.223676843,1,0
1515689217156,-1.631731561,47.223672592,1,0
1515689217251,-1.631727988,47.223666911,1,0
1515689218634,-1.631727988,47.223666911,1,0
1515689218716,-1.631740701,47.223664356,1,0
1515689218807,-1.631738466,47.223656349,1,0
1515689220257,-1.631738466,47.223656349,1,0
1515689220332,-1.631750511,47.223653213,1,0
1515689220420,-1.631748285,47.223645327,1,0
1515689220531,-1.631758923,47.223642038,1,0
1515689221882,-1.631758923,47.223642038,1,0
1515689221958,-1.631757149,47.223634273,1,0
1515689221997,-1.631657864,47.223677485,1,0
1515689223180,-1.631676301,47.223674969,1,0
1515689223524,-1.631673488,47.223666891,1,0
1515689223628,-1.631684022,47.223664467,1,0
1515689223719,-1.631677060,47.223655032,1,0
1515689225072,-1.631677060,47.223655032,1,0
1515689225150,-1.631689029,47.223652328,1,0
1515689225230,-1.631686362,47.223644959,1,0
1515689225575,-1.631698515,47.223642952,1,0
1515689225833,-1.631696917,47.223639474,1,0
1515689227216,-1.631702866,47.223639861,1,0
1515689228321,-1.631702866,47.223639861,1,39
1515689228384,-1.631691276,47.223637090,1,0
1515689230248,-1.631689908,47.223638974,1,0
1515689231250,-1.631690711,47.223639721,1,0
1515689231832,-1.631695268,47.223642180,1,0
1515689233224,-1.631695268,47.223642180,1,40
1515689233294,-1.631703489,47.223637421,1,0
1515689234807,-1.631707184,47.223642448,1,0
1515689235612,-1.631718598,47.223640598,1,0
1515689236010,-1.631720686,47.223646750,1,0
1515689236198,-1.631733258,47.223647239,1,0
1515689236341,-1.631733336,47.223653191,1,0
1515689236444,-1.631741926,47.223656366,1,0
1515689236547,-1.631738659,47.223662172,1,0
1515689236632,-1.631748290,47.223665914,1,0
1515689236795,-1.631743997,47.223670188,1,0
1515689238051,-1.631743997,47.223670188,1,0
1515689238136,-1.631750050,47.223677622,1,0
1515689238314,-1.631742230,47.223681908,1,0
1515689238407,-1.631745572,47.223688489,1,0
1515689238502,-1.631735748,47.223691098,1,0
1515689238579,-1.631735332,47.223697801,1,0
1515689238653,-1.631721612,47.223702191,1,0
1515689238726,-1.631722837,47.223709418,1,0
1515689238798,-1.631713770,47.223712209,1,0
1515689238878,-1.631714584,47.223720274,1,0
1515689239675,-1.631714584,47.223720274,1,41
1515689239752,-1.631704048,47.223723064,1,0
1515689239825,-1.631706932,47.223729765,1,0
1515689239910,-1.631696578,47.223734487,1,0
1515689241299,-1.631696578,47.223734487,1,0
1515689241375,-1.631701578,47.223741409,1,0
1515689241447,-1.631693762,47.223744839,1,0
1515689241525,-1.631695961,47.223751459,1,0
1515689242926,-1.631695961,47.223751459,1,0
1515689243003,-1.631686711,47.223755219,1,0
1515689243075,-1.631689175,47.223763680,1,0
1515689243155,-1.631680767,47.223768244,1,0
1515689244550,-1.631680767,47.223768244,1,0
1515689244628,-1.631682671,47.223775817,1,0
1515689244700,-1.631675446,47.223781482,1,0
1515689244835,-1.631679622,47.223789332,1,0
1515689246173,-1.631679622,47.223789332,1,0
1515689246251,-1.631672343,47.223793579,1,0
1515689246325,-1.631676317,47.223800835,1,0
1515689246436,-1.631668545,47.223805299,1,0
1515689247798,-1.631668545,47.223805299,1,0
1515689247874,-1.631669965,47.223812977,1,0
1515689247947,-1.631661301,47.223816703,1,0
1515689248207,-1.631663273,47.223825453,1,0
1515689249376,-1.631663273,47.223825453,1,42
1515689249481,-1.631656097,47.223830167,1,0
1515689249687,-1.631659183,47.223837441,1,0
1515689249760,-1.631652744,47.223840548,1,0
1515689251000,-1.631652744,47.223840548,1,0
1515689251081,-1.631658342,47.223846635,1,0
1515689251195,-1.631651771,47.223850438,1,0
1515689251285,-1.631654420,47.223858780,1,0
1515689252626,-1.631654420,47.223858780,1,0
1515689252700,-1.631646208,47.223859733,1,0
1515689252811,-1.631643564,47.223868757,1,0
1515689252917,-1.631637204,47.223869655,1,0
1515689254249,-1.631637204,47.223869655,1,0
1515689254325,-1.631630969,47.223877662,1,0
1515689254721,-1.631623122,47.223879225,1,0
1515689255523,-1.631616229,47.223888952,1,0
1515689255874,-1.631616229,47.223888952,1,0
1515689255949,-1.631607660,47.223892316,1,0
1515689256694,-1.631597825,47.223901472,1,0
1515689256981,-1.631591290,47.223901706,1,0
1515689259155,-1.631591290,47.223901706,1,43
1515689259231,-1.631580907,47.223908471,1,0
1515689259461,-1.631572537,47.223909448,1,0
1515689260525,-1.631562659,47.223916413,1,0
1515689260680,-1.631551782,47.223917106,1,0
1515689261563,-1.631542532,47.223924416,1,0
1515689261707,-1.631532553,47.223921462,1,0
1515689262029,-1.631527579,47.223926612,1,0
1515689262404,-1.631527579,47.223926612,1,0
1515689262482,-1.631524922,47.223922821,1,0
1515689262556,-1.631517257,47.223926126,1,0
1515689262644,-1.631512250,47.223922488,1,0
1515689262939,-1.631503235,47.223926953,1,0
1515689263081,-1.631499757,47.223922672,1,0
1515689263248,-1.631488937,47.223925303,1,0
1515689264029,-1.631488937,47.223925303,1,0
1515689264105,-1.631482234,47.223920369,1,0
1515689264426,-1.631469921,47.223922244,1,0
1515689264560,-1.631465478,47.223916044,1,0
1515689265653,-1.631465478,47.223916044,1,0
1515689265730,-1.631455435,47.223915260,1,0
1515689265806,-1.631451811,47.223908349,1,0
1515689265962,-1.631440894,47.223907980,1,0
1515689267279,-1.631440894,47.223907980,1,0
1515689267354,-1.631438983,47.223901308,1,0
1515689267489,-1.631427770,47.223901308,1,0
1515689267568,-1.631425242,47.223895101,1,0
1515689268902,-1.631425242,47.223895101,1,44
1515689268976,-1.631413597,47.223898352,1,0
1515689269056,-1.631413717,47.223894603,1,0
1515689269135,-1.631404468,47.223890029,1,0
1515689270527,-1.631404468,47.223890029,1,0
1515689270607,-1.631411058,47.223884760,1,0
1515689270686,-1.631405450,47.223878766,1,0
1515689270798,-1.631410599,47.223873117,1,0
1515689272152,-1.631410599,47.223873117,1,0
1515689272226,-1.631405734,47.223867213,1,0
1515689272304,-1.631410380,47.223860581,1,0
1515689272714,-1.631403958,47.223853991,1,0
1515689273776,-1.631403958,47.223853991,1,0
1515689273850,-1.631408261,47.223849597,1,0
1515689274257,-1.631403976,47.223842048,1,0
1515689274365,-1.631409715,47.223835558,1,0
1515689275417,-1.631409715,47.223835558,1,0
1515689275491,-1.631404986,47.223827263,1,0
1515689275606,-1.631413415,47.223823008,1,0
1515689276142,-1.631409043,47.223816925,1,0
1515689277040,-1.631409043,47.223816925,1,0
1515689277116,-1.631416934,47.223813418,1,0
1515689277364,-1.631414773,47.223805292,1,0
1515689277441,-1.631422051,47.223802620,1,0
1515689278556,-1.631422051,47.223802620,1,45
1515689278655,-1.631422760,47.223793361,1,0
1515689278813,-1.631427297,47.223792104,1,0
1515689279749,-1.631425271,47.223784579,1,0
1515689280180,-1.631425271,47.223784579,1,0
1515689280279,-1.631432194,47.223781075,1,0
1515689281096,-1.631426418,47.223774578,1,0
1515689281196,-1.631433755,47.223769313,1,0
1515689281806,-1.631433755,47.223769313,1,0
1515689281883,-1.631426458,47.223763297,1,0
1515689281956,-1.631437762,47.223759468,1,0
1515689282087,-1.631433654,47.223751867,1,0
1515689283430,-1.631433654,47.223751867,1,0
1515689283510,-1.631440825,47.223745998,1,0
1515689283621,-1.631435584,47.223740414,1,0
1515689283699,-1.631442107,47.223736566,1,0
1515689285055,-1.631442107,47.223736566,1,0
1515689285128,-1.631437197,47.223729483,1,0
1515689285199,-1.631443668,47.223726212,1,0
1515689285280,-1.631439772,47.223717870,1,0
1515689286569,-1.631439772,47.223717870,1,0
1515689286644,-1.631448677,47.223710068,1,0
1515689286755,-1.631443738,47.223704126,1,0
1515689286834,-1.631453467,47.223705435,1,0
1515689288194,-1.631453467,47.223705435,1,46
1515689288268,-1.631453805,47.223698718,1,0
1515689288358,-1.631459424,47.223696076,1,0
1515689289818,-1.631459424,47.223696076,1,0
1515689289894,-1.631454644,47.223689605,1,0
1515689289984,-1.631460426,47.223683178,1,0
1515689290062,-1.631453513,47.223677950,1,0
1515689290136,-1.631458829,47.223672551,1,0
1515689291444,-1.631458829,47.223672551,1,0
1515689291523,-1.631447660,47.223668966,1,0
1515689291594,-1.631449256,47.223662741,1,0
1515689291670,-1.631442565,47.223656330,1,0
1515689293070,-1.631442565,47.223656330,1,0
1515689293148,-1.631448640,47.223650762,1,0
1515689293218,-1.631443131,47.223644280,1,0
1515689293292,-1.631449813,47.223638813,1,0
1515689294692,-1.631449813,47.223638813,1,0
1515689294767,-1.631445976,47.223630878,1,0
1515689294884,-1.631454327,47.223624276,1,0
1515689294970,-1.631448277,47.223616417,1,0
1515689296318,-1.631448277,47.223616417,1,0
1515689296392,-1.631453755,47.223609850,1,0
1515689296462,-1.631446416,47.223603549,1,0
1515689296534,-1.631448690,47.223596316,1,0
1515689297848,-1.631448690,47.223596316,1,47
1515689297927,-1.631439317,47.223592810,1,0
1515689297997,-1.631444961,47.223586603,1,0
1515689298074,-1.631437183,47.223583108,1,0
1515689299474,-1.631437183,47.223583108,1,0
1515689299548,-1.631440796,47.223575295,1,0
1515689299620,-1.631431726,47.223573017,1,0
1515689299696,-1.631433572,47.223565681,1,0
1515689301098,-1.631433572,47.223565681,1,0
1515689301174,-1.631423289,47.223563933,1,0
1515689301269,-1.631421398,47.223558315,1,0
1515689301360,-1.631410738,47.223556293,1,0
1515689302723,-1.631410738,47.223556293,1,0
1515689302801,-1.631409622,47.223549360,1,0
1515689302871,-1.631399461,47.223545681,1,0
1515689302948,-1.631400602,47.223538278,1,0
1515689304347,-1.631400602,47.223538278,1,0
1515689304422,-1.631391802,47.223534433,1,0
1515689304505,-1.631392254,47.223527469,1,0
1515689304584,-1.631381699,47.223524020,1,0
1515689306035,-1.631381699,47.223524020,1,48
1515689306109,-1.631382395,47.223515815,1,0
1515689306179,-1.631371679,47.223513177,1,0
1515689306261,-1.631376996,47.223507892,1,0
1515689307660,-1.631376996,47.223507892,1,0
1515689307735,-1.631371070,47.223505252,1,0
1515689307805,-1.631370578,47.223497705,1,0
1515689307880,-1.631358142,47.223497058,1,0
1515689309284,-1.631358142,47.223497058,1,0
1515689309359,-1.631355099,47.223490440,1,0
1515689309429,-1.631341246,47.223493317,1,0
1515689309507,-1.631336636,47.223489102,1,0
1515689310816,-1.631336636,47.223489102,1,49
1515689310889,-1.631323631,47.223493077,1,0
1515689310966,-1.631324775,47.223488923,1,0
1515689311043,-1.631315045,47.223488755,1,0
1515689312442,-1.631315045,47.223488755,1,0
1515689312516,-1.631314291,47.223483001,1,0
1515689312588,-1.631305042,47.223481976,1,0
1515689312672,-1.631304576,47.223475324,1,0
1515689314065,-1.631304576,47.223475324,1,0
1515689314140,-1.631293624,47.223473483,1,0
1515689314243,-1.631295139,47.223466990,1,0
1515689314322,-1.631286777,47.223460897,1,0
1515689315691,-1.631286777,47.223460897,1,0
1515689315768,-1.631295488,47.223453822,1,0
1515689315844,-1.631289547,47.223450000,1,0
1515689315961,-1.631294768,47.223445179,1,0
1515689317298,-1.631294768,47.223445179,1,50
1515689317371,-1.631291406,47.223437856,1,0
1515689317529,-1.631295300,47.223435099,1,0
1515689318923,-1.631295300,47.223435099,1,0
1515689319002,-1.631289507,47.223440224,1,0
1515689319085,-1.631300972,47.223442414,1,0
1515689320548,-1.631300972,47.223442414,1,0
1515689320623,-1.631294792,47.223442130,1,0
1515689320696,-1.631299547,47.223441693,1,0
1515689320807,-1.631295694,47.223441617,1,0
1515689320881,-1.631302109,47.223442843,1,0
1515689322171,-1.631302109,47.223442843,1,0
1515689322245,-1.631296938,47.223441870,1,0
1515689322316,-1.631303676,47.223443458,1,0
1515689322394,-1.631299579,47.223443359,1,0
1515689323797,-1.631299579,47.223443359,1,0
1515689323870,-1.631305142,47.223445384,1,0
1515689323954,-1.631296633,47.223447695,1,0
1515689324033,-1.631305789,47.223448350,1,0
1515689325420,-1.631305789,47.223448350,1,0
1515689325502,-1.631311720,47.223448224,1,0
1515689325633,-1.631306402,47.223448078,1,0
1515689327045,-1.631306402,47.223448078,1,0
1515689327123,-1.631311864,47.223449348,1,0
1515689327195,-1.631304883,47.223450968,1,0
1515689327271,-1.631309474,47.223452646,1,0
1515689327347,-1.631303876,47.223452378,1,0
1515689328669,-1.631303876,47.223452378,1,0
1515689328839,-1.631309208,47.223452138,0,0
1515689329096,-1.631303766,47.223452436,0,0
1515689329242,-1.631314037,47.223453735,0,0
1515689330295,-1.631314037,47.223453735,0,0
1515689330452,-1.631312856,47.223455496,0,0
1515689330609,-1.631317323,47.223449259,0,0
1515689330784,-1.631312168,47.223445537,0,0
1515689331918,-1.631312168,47.223445537,0,0
1515689332088,-1.631303569,47.223437707,0,0
1515689332260,-1.631296116,47.223440917,0,0
1515689332449,-1.631287539,47.223440472,0,0
1515689333545,-1.631287539,47.223440472,0,0
1515689333696,-1.631292770,47.223443875,0,0
1515689333723,-1.631256078,47.223413206,0,0
1515689335054,-1.631248986,47.223413929,0,0
1515689335288,-1.631254423,47.223417619,0,0
1515689335447,-1.631251412,47.223415304,0,0
1515689335604,-1.631258424,47.223416987,0,0
1515689335756,-1.631252264,47.223413898,0,0
1515689336856,-1.631252264,47.223413898,0,51
1515689337011,-1.631256239,47.223414317,0,0
1515689337230,-1.631251346,47.223412145,0,0
1515689337382,-1.631255692,47.223412801,0,0
1515689337535,-1.631251618,47.223411110,0,0
1515689337685,-1.631260569,47.223413096,0,0
1515689337839,-1.631261344,47.223406024,0,0
1515689338481,-1.631261344,47.223406024,0,0
1515689338634,-1.631266017,47.223409390,0,0
1515689338794,-1.631262376,47.223410818,0,0
1515689338945,-1.631260724,47.223419755,0,0
1515689339113,-1.631252198,47.223421094,0,0
1515689340105,-1.631252198,47.223421094,0,0
1515689340258,-1.631247230,47.223430372,0,0
1515689340418,-1.631241646,47.223427427,0,0
1515689340587,-1.631236478,47.223432394,0,0
1515689341746,-1.631236478,47.223432394,0,0
1515689341929,-1.631235982,47.223421499,0,0
1515689342661,-1.631232092,47.223425615,0,0
1515689343479,-1.631230617,47.223425360,0,0
1515689344995,-1.631230617,47.223425360,0,0
1515689345148,-1.631226700,47.223432497,0,0
1515689346293,-1.631225873,47.223431144,0,0
1515689347614,-1.631219094,47.223435894,0,0
1515689349999,-1.631222060,47.223431232,0,0
1515689350781,-1.631215277,47.223431020,0,0
1515689353200,-1.631225704,47.223424170,0,0
1515689354790,-1.631225704,47.223424170,0,52
1515689354970,-1.631218019,47.223422223,0,0
1515689356860,-1.631223365,47.223415916,0,0
1515689357401,-1.631203502,47.223419235,0,0
1515689360281,-1.631210382,47.223412873,0,0
1515689360697,-1.631191187,47.223412085,0,0
1515689362498,-1.631196013,47.223406535,0,0
1515689362792,-1.631180100,47.223404356,0,0
1515689363919,-1.631185194,47.223397390,0,0
1515689364095,-1.631172491,47.223392886,0,0
1515689364852,-1.631175007,47.223387614,0,0
1515689365043,-1.631157641,47.223385343,0,0
1515689365819,-1.631160689,47.223381834,0,0
1515689365980,-1.631151264,47.223379298,0,0
1515689366263,-1.631155515,47.223377225,0,0
1515689366421,-1.631145032,47.223373657,0,0
1515689366675,-1.631148211,47.223369616,0,0
1515689366897,-1.631139774,47.223366323,0,0
1515689367087,-1.631142690,47.223360406,0,0
1515689367260,-1.631135979,47.223356553,0,0
1515689367419,-1.631140695,47.223351619,0,0
1515689367786,-1.631140695,47.223351619,0,0
1515689367954,-1.631132050,47.223345991,0,0
1515689368114,-1.631138472,47.223342415,0,0
1515689368265,-1.631136123,47.223336257,0,0
1515689368419,-1.631143863,47.223333911,0,0
1515689368579,-1.631144159,47.223326628,0,0
1515689368792,-1.631154686,47.223324445,0,0
1515689368947,-1.631155364,47.223317646,0,0
1515689369107,-1.631165419,47.223315150,0,0
1515689369257,-1.631165385,47.223309037,0,0
1515689369418,-1.631173471,47.223306326,0,0
1515689369569,-1.631169031,47.223297895,0,0
1515689369728,-1.631177451,47.223295656,0,0
1515689369880,-1.631178774,47.223288524,0,0
1515689370035,-1.631187672,47.223286696,0,0
1515689370188,-1.631187421,47.223278759,0,0
1515689370395,-1.631195928,47.223275566,0,0
1515689370620,-1.631196842,47.223267883,0,0
1515689370796,-1.631202919,47.223267536,0,0
1515689370977,-1.631201371,47.223263546,0,0
1515689371155,-1.631208353,47.223261561,0,0
1515689371367,-1.631208355,47.223254805,0,0
1515689371593,-1.631218125,47.223253206,0,0
1515689371769,-1.631216210,47.223247500,0,0
1515689371950,-1.631225246,47.223244135,0,0
1515689372124,-1.631225823,47.223237179,0,0
1515689372308,-1.631233008,47.223233677,0,0
1515689372684,-1.631233008,47.223233677,0,0
1515689372863,-1.631232738,47.223226900,0,0
1515689373042,-1.631239846,47.223224646,0,0
1515689373229,-1.631239693,47.223217839,0,0
1515689373460,-1.631246353,47.223214688,0,0
1515689373671,-1.631245310,47.223208979,0,0
1515689373853,-1.631252544,47.223207288,0,0
1515689374041,-1.631251984,47.223200578,0,0
1515689374218,-1.631260062,47.223198212,0,0
1515689374421,-1.631257686,47.223191569,0,0
1515689374604,-1.631266136,47.223188437,0,0
1515689375932,-1.631266136,47.223188437,0,0
1515689376110,-1.631263936,47.223183236,0,0
1515689376384,-1.631273194,47.223180202,0,0
1515689376624,-1.631272264,47.223174769,0,0
1515689376966,-1.631278333,47.223171829,0,0
1515689377377,-1.631272948,47.223166415,0,0
1515689378236,-1.631277718,47.223163829,0,0
1515689379129,-1.631277718,47.223163829,0,53
1515689379341,-1.631272107,47.223159714,0,0
1515689379928,-1.631279209,47.223155798,0,0
1515689380800,-1.631270373,47.223147551,0,0
1515689381773,-1.631273620,47.223140609,0,0
1515689382483,-1.631263312,47.223133598,0,0
1515689383093,-1.631261693,47.223123156,0,0
1515689383994,-1.631261693,47.223123156,0,0
1515689384213,-1.631250887,47.223116236,0,0
1515689384560,-1.631248920,47.223106323,0,0
1515689385182,-1.631237460,47.223101708,0,0
1515689385471,-1.631238569,47.223095695,0,0
1515689385702,-1.631229840,47.223090942,0,0
1515689385915,-1.631232273,47.223083859,0,0
1515689386178,-1.631223778,47.223079961,0,0
1515689386358,-1.631226198,47.223072846,0,0
1515689386562,-1.631217580,47.223068591,0,0
1515689387247,-1.631217580,47.223068591,0,0
1515689387430,-1.631221937,47.223060088,0,0
1515689387608,-1.631214877,47.223055026,0,0
1515689387843,-1.631216308,47.223049065,0,0
1515689388076,-1.631207052,47.223045276,0,0
1515689388254,-1.631207689,47.223039109,0,0
1515689388433,-1.631198533,47.223034664,0,0
1515689388821,-1.631198533,47.223034664,0,54
1515689389053,-1.631199886,47.223030068,0,0
1515689389235,-1.631189354,47.223025918,0,0
1515689389413,-1.631192298,47.223021895,0,0
1515689390449,-1.631192298,47.223021895,0,0
1515689390626,-1.631187683,47.223014434,0,0
1515689390816,-1.631194271,47.223012806,0,0
1515689391008,-1.631200451,47.223004161,0,0
1515689392069,-1.631200451,47.223004161,0,0
1515689392244,-1.631207742,47.223007115,0,0
1515689392420,-1.631214361,47.223001223,0,0
1515689392602,-1.631221450,47.223005723,0,0
1515689393698,-1.631221450,47.223005723,0,0
1515689393964,-1.631230839,47.223000507,0,0
1515689394142,-1.631240642,47.223003720,0,0
1515689394352,-1.631249239,47.222998588,0,0
1515689395350,-1.631249239,47.222998588,0,0
1515689395572,-1.631254911,47.223003371,0,0
1515689395806,-1.631262339,47.223001208,0,0
1515689396052,-1.631266654,47.223007964,0,0
1515689396975,-1.631266654,47.223007964,0,0
1515689397207,-1.631271969,47.223000103,0,0
1515689397503,-1.631274845,47.223001527,0,0
1515689398628,-1.631274845,47.223001527,0,0
1515689400246,-1.631274845,47.223001527,0,0
1515689400407,-1.631277505,47.223001626,0,0
1515689400677,-1.631282380,47.223002420,0,0
1515689401119,-1.631282989,47.222994816,0,0
1515689401431,-1.631289052,47.222994916,0,0
1515689403404,-1.631289052,47.222994916,0,55
1515689403557,-1.631289251,47.222988193,0,0
1515689403991,-1.631293562,47.222989283,0,0
1515689404502,-1.631293682,47.222983028,0,0
1515689404869,-1.631296953,47.222984338,0,0
1515689405579,-1.631297342,47.222978256,0,0
1515689406257,-1.631300615,47.222978796,0,0
1515689408229,-1.631300615,47.222978796,0,56
1515689408376,-1.631302015,47.222973023,0,0
1515689409197,-1.631306063,47.222973518,0,0
1515689410304,-1.631307393,47.222967398,0,0
1515689411303,-1.631312049,47.222966826,0,0
1515689412281,-1.631315574,47.222953852,0,0
1515689413743,-1.631319585,47.222952632,0,0
1515689414453,-1.631325882,47.222939705,0,0
1515689415648,-1.631337099,47.222932713,0,0
1515689416685,-1.631346424,47.222920418,0,0
1515689418023,-1.631346424,47.222920418,0,57
1515689418176,-1.631357502,47.222917733,0,0
1515689418796,-1.631371493,47.222906273,0,0
1515689419518,-1.631380509,47.222906919,0,0
1515689420046,-1.631391466,47.222900393,0,0
1515689420329,-1.631402992,47.222903051,0,0
1515689421176,-1.631413165,47.222896897,0,0
1515689421525,-1.631421496,47.222898195,0,0
1515689421871,-1.631433646,47.222893113,0,0
1515689422083,-1.631445612,47.222894890,0,0
1515689422730,-1.631459276,47.222890723,0,0
1515689422932,-1.631466132,47.222893235,0,0
1515689423471,-1.631477186,47.222890890,0,0
1515689423633,-1.631486200,47.222893530,0,0
1515689425196,-1.631497424,47.222889424,0,0
1515689425478,-1.631505677,47.222892378,0,0
1515689426114,-1.631517839,47.222887375,0,0
1515689426323,-1.631522949,47.222891155,0,0
1515689426716,-1.631532582,47.222887827,0,0
1515689427754,-1.631532582,47.222887827,0,58
1515689427900,-1.631537295,47.222891124,0,0
1515689428610,-1.631546207,47.222886940,0,0
1515689428767,-1.631549840,47.222889475,0,0
1515689429484,-1.631559350,47.222885305,0,0
1515689429624,-1.631563091,47.222888435,0,0
1515689430510,-1.631572625,47.222885625,0,0
1515689430887,-1.631580185,47.222887057,0,0
1515689432094,-1.631589687,47.222881820,0,0
1515689432299,-1.631597214,47.222882310,0,0
1515689432620,-1.631607186,47.222874773,0,0
1515689432774,-1.631614236,47.222877213,0,0
1515689432954,-1.631625284,47.222873027,0,0
1515689433099,-1.631630132,47.222876554,0,0
1515689433654,-1.631641588,47.222874754,0,0
1515689433914,-1.631647190,47.222881836,0,0
1515689434660,-1.631660393,47.222881617,0,0
1515689434913,-1.631664334,47.222887971,0,0
1515689435351,-1.631678045,47.222889091,0,0
1515689435673,-1.631681991,47.222895871,0,0
1515689437423,-1.631681991,47.222895871,0,59
1515689437578,-1.631695724,47.222896820,0,0
1515689437847,-1.631696811,47.222904955,0,0
1515689438197,-1.631707320,47.222905272,0,0
1515689438520,-1.631699125,47.222910073,0,0
1515689438672,-1.631706742,47.222911291,0,0
1515689439008,-1.631710041,47.222919358,0,0
1515689439370,-1.631717688,47.222915829,0,0
1515689439648,-1.631725737,47.222918615,0,0
1515689440253,-1.631732426,47.222910268,0,0
1515689440417,-1.631740970,47.222909046,0,0
1515689440734,-1.631747469,47.222901681,0,0
1515689440931,-1.631756435,47.222901004,0,0
1515689441203,-1.631763592,47.222891579,0,0
1515689441366,-1.631767437,47.222892153,0,0
1515689441553,-1.631775462,47.222887123,0,0
1515689441737,-1.631782418,47.222891319,0,0
1515689442272,-1.631792911,47.222884732,0,0
1515689443986,-1.631792911,47.222884732,0,60
1515689444139,-1.631799675,47.222888293,0,0
1515689444574,-1.631805304,47.222881864,0,0
1515689444746,-1.631810421,47.222884682,0,0
1515689445029,-1.631819745,47.222880326,0,0
1515689445250,-1.631824780,47.222882945,0,0
1515689445512,-1.631838524,47.222883405,0,0
1515689445776,-1.631838728,47.222887419,0,0
1515689446242,-1.631851521,47.222889671,0,0
1515689446597,-1.631844515,47.222894190,0,0
1515689447144,-1.631854182,47.222900702,0,0
1515689448859,-1.631854182,47.222900702,0,0
1515689449017,-1.631852233,47.222901947,0,0
1515689450483,-1.631852233,47.222901947,0,0
1515689452107,-1.631852233,47.222901947,0,0
1515689453732,-1.631852233,47.222901947,0,0
1515689455356,-1.631852233,47.222901947,0,0
1515689456982,-1.631852233,47.222901947,0,0
1515689458606,-1.631852233,47.222901947,0,0
1515689460231,-1.631852233,47.222901947,0,0
1515689461856,-1.631852233,47.222901947,0,0
1515689463481,-1.631852233,47.222901947,0,0
1515689465105,-1.631852233,47.222901947,0,0
1515689466729,-1.631852233,47.222901947,0,0
1515689468354,-1.631852233,47.222901947,0,0
1515689469979,-1.631852233,47.222901947,0,0
1515689471602,-1.631852233,47.222901947,0,0
1515689473243,-1.631852233,47.222901947,0,0
1515689474883,-1.631852233,47.222901947,0,0
1515689476508,-1.631852233,47.222901947,0,0
1515689478132,-1.631852233,47.222901947,0,0
1515689479758,-1.631852233,47.222901947,0,0
1515689481384,-1.631852233,47.222901947,0,0
1515689483006,-1.631852233,47.222901947,0,0
1515689484631,-1.631852233,47.222901947,0,0
1515689486256,-1.631852233,47.222901947,0,0
1515689487881,-1.631852233,47.222901947,0,0
1515689489505,-1.631852233,47.222901947,0,0
1515689491131,-1.631852233,47.222901947,0,0
1515689492754,-1.631852233,47.222901947,0,0
1515689494379,-1.631852233,47.222901947,0,0
1515689496003,-1.631852233,47.222901947,0,0
1515689497628,-1.631852233,47.222901947,0,0
1515689499253,-1.631852233,47.222901947,0,0
1515689500879,-1.631852233,47.222901947,0,0
1515689502503,-1.631852233,47.222901947,0,0
1515689502810,-1.631853621,47.222904132,-1,0
1515689502966,-1.631860025,47.222910365,-1,0
1515689503104,-1.631854478,47.222916872,-1,0
1515689503243,-1.631858907,47.222925187,-1,0
1515689503305,-1.631780909,47.223177918,-1,0
1515689503778,-1.631773098,47.223184277,-1,0
1515689503902,-1.631776966,47.223191145,-1,0
1515689504033,-1.631776966,47.223191145,-1,61
1515689504200,-1.631769435,47.223195941,-1,0
1515689504382,-1.631770468,47.223202087,-1,0
1515689504506,-1.631761893,47.223207369,-1,0
1515689505657,-1.631761893,47.223207369,-1,0
1515689505782,-1.631768093,47.223213734,-1,0
1515689505907,-1.631760956,47.223219161,-1,0
1515689506033,-1.631766370,47.223225020,-1,0
1515689507282,-1.631766370,47.223225020,-1,0
1515689507411,-1.631761096,47.223231427,-1,0
1515689507536,-1.631767385,47.223236834,-1,0
1515689507660,-1.631763281,47.223244327,-1,0
1515689508939,-1.631763281,47.223244327,-1,62
1515689509065,-1.631772340,47.223247461,-1,0
1515689509205,-1.631768980,47.223252956,-1,0
1515689509336,-1.631781241,47.223248590,-1,0
1515689510565,-1.631781241,47.223248590,-1,0
1515689510694,-1.631782144,47.223251076,-1,0
1515689510821,-1.631791812,47.223250065,-1,0
1515689510944,-1.631789232,47.223256327,-1,0
1515689512205,-1.631789232,47.223256327,-1,0
1515689512342,-1.631797863,47.223259794,-1,0
1515689512489,-1.631791442,47.223264726,-1,0
1515689512625,-1.631794955,47.223271268,-1,0
1515689513830,-1.631794955,47.223271268,-1,0
1515689513969,-1.631787679,47.223277501,-1,0
1515689514141,-1.631792511,47.223282774,-1,0
1515689514387,-1.631785477,47.223289639,-1,0
1515689515454,-1.631785477,47.223289639,-1,0
1515689515590,-1.631792152,47.223294200,-1,0
1515689515928,-1.631788816,47.223300369,-1,0
1515689516130,-1.631792428,47.223305922,-1,0
1515689516588,-1.631789457,47.223312866,-1,0
1515689517107,-1.631789457,47.223312866,-1,63
1515689517245,-1.631796923,47.223316226,-1,0
1515689517639,-1.631791083,47.223324210,-1,0
1515689518718,-1.631791083,47.223324210,-1,0
1515689518854,-1.631798540,47.223326784,-1,0
1515689519081,-1.631798689,47.223333153,-1,0
1515689519510,-1.631808350,47.223331007,-1,0
1515689520348,-1.631808350,47.223331007,-1,0
1515689520491,-1.631808299,47.223337560,-1,0
1515689520896,-1.631817054,47.223335016,-1,0
1515689521155,-1.631824589,47.223339122,-1,0
1515689521969,-1.631824589,47.223339122,-1,0
1515689522130,-1.631834130,47.223335546,-1,0
1515689522305,-1.631841382,47.223338137,-1,0
1515689522470,-1.631852144,47.223334218,-1,0
1515689522664,-1.631859700,47.223337552,-1,0
1515689523577,-1.631859700,47.223337552,-1,0
1515689523705,-1.631865652,47.223333863,-1,0
1515689523842,-1.631871459,47.223340826,-1,0
1515689524103,-1.631881939,47.223336857,-1,0
1515689525204,-1.631881939,47.223336857,-1,0
1515689525329,-1.631889927,47.223337600,-1,0
1515689525457,-1.631890626,47.223329921,-1,0
1515689525589,-1.631898288,47.223326958,-1,0
1515689526831,-1.631898288,47.223326958,-1,0
1515689526965,-1.631905427,47.223317083,-1,0
1515689527111,-1.631908775,47.223318190,-1,0
1515689527237,-1.631907126,47.223311398,-1,0
1515689528452,-1.631907126,47.223311398,-1,0
1515689528581,-1.631911239,47.223311227,-1,0
1515689530077,-1.631911239,47.223311227,-1,0
1515689531717,-1.631911239,47.223311227,-1,64
1515689531851,-1.631914705,47.223313226,-1,0
1515689531982,-1.631923503,47.223320027,-1,0
1515689532124,-1.631928172,47.223315526,-1,0
1515689532254,-1.631938982,47.223315510,-1,0
1515689533342,-1.631938982,47.223315510,-1,0
1515689533467,-1.631944219,47.223306684,-1,0
1515689533594,-1.631952748,47.223306573,-1,0
1515689533720,-1.631959215,47.223298781,-1,0
1515689534967,-1.631959215,47.223298781,-1,0
1515689535092,-1.631965469,47.223300428,-1,0
1515689535221,-1.631975592,47.223295569,-1,0
1515689535346,-1.631980148,47.223299832,-1,0
1515689536512,-1.631980148,47.223299832,-1,65
1515689536642,-1.631988990,47.223300315,-1,0
1515689536774,-1.631989740,47.223307729,-1,0
1515689536906,-1.632001082,47.223308764,-1,0
1515689538137,-1.632001082,47.223308764,-1,0
1515689538264,-1.632007307,47.223315016,-1,0
1515689538399,-1.632017019,47.223312133,-1,0
1515689538531,-1.632023697,47.223316143,-1,0
1515689539777,-1.632023697,47.223316143,-1,0
1515689539905,-1.632033072,47.223312808,-1,0
1515689540033,-1.632040418,47.223317664,-1,0
1515689540158,-1.632053531,47.223313866,-1,0
1515689541419,-1.632053531,47.223313866,-1,0
1515689541545,-1.632059820,47.223318008,-1,0
1515689541675,-1.632071079,47.223314224,-1,0
1515689541816,-1.632076018,47.223319024,-1,0
1515689543043,-1.632076018,47.223319024,-1,0
1515689543172,-1.632087223,47.223316645,-1,0
1515689543300,-1.632091972,47.223322353,-1,0
1515689543424,-1.632103146,47.223318249,-1,0
1515689543557,-1.632107268,47.223324690,-1,0
1515689544666,-1.632107268,47.223324690,-1,0
1515689544830,-1.632116833,47.223323099,-1,0
1515689544959,-1.632121661,47.223329447,-1,0
1515689545082,-1.632135285,47.223327401,-1,0
1515689546179,-1.632135285,47.223327401,-1,0
1515689546303,-1.632139241,47.223331987,-1,0
1515689546434,-1.632153535,47.223327966,-1,0
1515689547803,-1.632153535,47.223327966,-1,66
1515689547929,-1.632160035,47.223333732,-1,0
1515689548060,-1.632171540,47.223331309,-1,0
1515689548187,-1.632179301,47.223337126,-1,0
1515689549427,-1.632179301,47.223337126,-1,0
1515689549552,-1.632190748,47.223333072,-1,0
1515689549719,-1.632197517,47.223338589,-1,0
1515689549884,-1.632209267,47.223335219,-1,0
1515689551056,-1.632209267,47.223335219,-1,0
1515689551184,-1.632214924,47.223339499,-1,0
1515689551311,-1.632225066,47.223335323,-1,0
1515689551434,-1.632230808,47.223341764,-1,0
1515689552680,-1.632230808,47.223341764,-1,0
1515689552836,-1.632242468,47.223339764,-1,0
1515689552967,-1.632250161,47.223345989,-1,0
1515689553090,-1.632262730,47.223344328,-1,0
1515689554302,-1.632262730,47.223344328,-1,0
1515689554425,-1.632267888,47.223349864,-1,0
1515689554553,-1.632278243,47.223346589,-1,0
1515689554694,-1.632282043,47.223351872,-1,0
1515689555929,-1.632282043,47.223351872,-1,0
1515689556058,-1.632292778,47.223349961,-1,0
1515689556187,-1.632297411,47.223355977,-1,0
1515689556321,-1.632309964,47.223353303,-1,0
1515689557444,-1.632309964,47.223353303,-1,67
1515689557580,-1.632313438,47.223358783,-1,0
1515689557707,-1.632322516,47.223357763,-1,0
1515689557833,-1.632326651,47.223365048,-1,0
1515689559068,-1.632326651,47.223365048,-1,0
1515689559197,-1.632335075,47.223359728,-1,0
1515689559321,-1.632344553,47.223362156,-1,0
1515689559444,-1.632352917,47.223355448,-1,0
1515689560692,-1.632352917,47.223355448,-1,0
1515689560815,-1.632362019,47.223356671,-1,0
1515689560944,-1.632371045,47.223351010,-1,0
1515689561073,-1.632382995,47.223354668,-1,0
1515689562317,-1.632382995,47.223354668,-1,0
1515689562443,-1.632388477,47.223350288,-1,0
1515689562570,-1.632399080,47.223349483,-1,0
1515689562705,-1.632402961,47.223342406,-1,0
1515689563942,-1.632402961,47.223342406,-1,0
1515689564068,-1.632412062,47.223341876,-1,0
1515689564202,-1.632416292,47.223335221,-1,0
1515689564329,-1.632427174,47.223334003,-1,0
1515689565567,-1.632427174,47.223334003,-1,68
1515689565694,-1.632427227,47.223328657,-1,0
1515689565822,-1.632439782,47.223326736,-1,0
1515689565948,-1.632436397,47.223319581,-1,0
1515689567192,-1.632436397,47.223319581,-1,0
1515689567316,-1.632445233,47.223315533,-1,0
1515689567447,-1.632440963,47.223307531,-1,0
1515689567596,-1.632450388,47.223303351,-1,0
1515689568816,-1.632450388,47.223303351,-1,0
1515689568941,-1.632443873,47.223297141,-1,0
1515689569070,-1.632451605,47.223293017,-1,0
1515689569197,-1.632448769,47.223286077,-1,0
1515689570441,-1.632448769,47.223286077,-1,0
1515689570563,-1.632459706,47.223281822,-1,0
1515689570690,-1.632458706,47.223274654,-1,0
1515689570815,-1.632468244,47.223270436,-1,0
1515689572065,-1.632468244,47.223270436,-1,0
1515689572195,-1.632466098,47.223262967,-1,0
1515689572323,-1.632473307,47.223258136,-1,0
1515689572496,-1.632468543,47.223251991,-1,0
1515689572693,-1.632476482,47.223247189,-1,0
1515689573692,-1.632476482,47.223247189,-1,0
1515689573819,-1.632473413,47.223240171,-1,0
1515689573947,-1.632482207,47.223235847,-1,0
1515689574086,-1.632479324,47.223228519,-1,0
1515689575314,-1.632479324,47.223228519,-1,0
1515689575440,-1.632488892,47.223223891,-1,0
1515689575576,-1.632487349,47.223216431,-1,0
1515689575704,-1.632495835,47.223213027,-1,0
1515689576939,-1.632495835,47.223213027,-1,0
1515689577066,-1.632493472,47.223205661,-1,0
1515689577192,-1.632501821,47.223201959,-1,0
1515689577326,-1.632501212,47.223194693,-1,0
1515689578563,-1.632501212,47.223194693,-1,69
1515689578687,-1.632508115,47.223192292,-1,0
1515689578870,-1.632505342,47.223187549,-1,0
1515689578993,-1.632514019,47.223183784,-1,0
1515689580190,-1.632514019,47.223183784,-1,0
1515689580320,-1.632509602,47.223176542,-1,0
1515689580449,-1.632518927,47.223172338,-1,0
1515689580573,-1.632516122,47.223164289,-1,0
1515689581813,-1.632516122,47.223164289,-1,0
1515689581939,-1.632523533,47.223160236,-1,0
1515689582068,-1.632520250,47.223150877,-1,0
1515689582225,-1.632528484,47.223149143,-1,0
1515689583439,-1.632528484,47.223149143,-1,0
1515689583564,-1.632528572,47.223143126,-1,0
1515689583691,-1.632537855,47.223138183,-1,0
1515689583852,-1.632534333,47.223131930,-1,0
1515689585063,-1.632534333,47.223131930,-1,0
1515689585192,-1.632540903,47.223126851,-1,0
1515689585323,-1.632534528,47.223119917,-1,0
1515689585450,-1.632540737,47.223115998,-1,0
1515689586687,-1.632540737,47.223115998,-1,0
1515689586814,-1.632538714,47.223108175,-1,0
1515689586986,-1.632547915,47.223104982,-1,0
1515689587187,-1.632547448,47.223097436,-1,0
1515689588314,-1.632547448,47.223097436,-1,0
1515689588443,-1.632556386,47.223093766,-1,0
1515689588616,-1.632555382,47.223086898,-1,0
1515689588741,-1.632562513,47.223081803,-1,0
1515689589937,-1.632562513,47.223081803,-1,0
1515689590063,-1.632558551,47.223073826,-1,0
1515689590194,-1.632564274,47.223070932,-1,0
1515689590326,-1.632563159,47.223061711,-1,0
1515689591563,-1.632563159,47.223061711,-1,0
1515689591689,-1.632567930,47.223062001,-1,0
1515689593155,-1.632567930,47.223062001,-1,70
1515689594779,-1.632567930,47.223062001,-1,0
1515689596404,-1.632567930,47.223062001,-1,0